Name,Platform,RatingOutOf20,Publisher,Year,Classification,Genre,Classification_format
0,0,13,0,0,2,0,12
1,1,15,1,1,2,1,12
2,1,16,2,2,2,2,12
3,1,16,3,2,2,3,12
4,2,14,4,3,2,4,12
5,1,13,5,3,2,5,12
6,1,15,5,4,2,5,12
7,0,10,6,5,2,0,12
8,1,16,5,6,2,5,12
9,1,15,7,7,2,5,12
10,1,17,8,4,2,4,12
11,2,10,9,8,2,6,12
11,1,10,9,8,2,6,12
12,0,10,10,0,2,0,12
13,0,10,11,0,2,1,12
14,3,16,11,3,2,1,12
15,2,9,11,9,2,1,12
16,2,11,12,0,2,4,12
17,1,18,1,5,2,1,12
18,1,16,13,0,2,6,12
19,3,15,3,2,2,7,12
20,4,15,14,3,2,4,12
21,0,16,15,9,2,8,12
22,0,16,15,3,2,8,12
23,1,10,16,9,2,5,12
24,4,11,14,4,2,6,12
25,4,16,17,10,2,9,12
26,3,11,4,0,2,3,12
27,1,9,18,3,2,5,12
28,3,14,15,8,2,3,12
29,2,10,12,8,2,4,12
30,0,5,3,9,2,6,12
31,1,17,10,2,2,5,12
32,1,14,4,8,2,8,12
26,0,10,4,0,2,3,12
33,3,12,5,9,2,6,12
34,4,15,14,10,2,4,12
35,4,13,3,10,2,5,12
36,1,17,3,11,2,5,12
37,3,7,5,2,2,6,12
37,0,11,5,2,2,6,12
38,5,18,15,12,2,9,12
39,2,16,19,3,2,0,12
40,2,8,19,5,2,0,12
41,2,12,4,3,2,6,12
42,4,10,20,11,2,6,12
43,0,4,21,0,2,6,12
26,1,9,4,0,2,3,12
44,4,14,2,11,2,3,12
45,4,16,22,10,2,9,12
46,6,7,23,10,2,2,12
46,4,16,16,12,2,2,12
47,3,12,24,5,2,6,12
48,1,16,25,13,2,6,12
48,2,16,25,13,2,6,12
49,3,13,25,9,2,1,12
50,0,12,25,2,2,6,12
51,4,15,26,6,2,10,12
52,2,14,19,5,2,0,12
53,2,13,27,5,2,6,12
50,1,13,25,2,2,6,12
50,2,13,25,2,2,6,12
54,6,14,28,10,2,9,12
55,4,14,19,12,2,4,12
56,4,14,17,11,2,8,12
50,3,13,25,2,2,6,12
57,4,8,3,2,2,6,12
57,0,6,3,2,2,6,12
58,7,10,28,9,2,2,12
59,4,14,28,3,2,2,12
59,2,14,28,3,2,2,12
59,3,11,28,3,2,2,12
59,7,14,28,3,2,2,12
59,1,14,28,3,2,2,12
60,4,12,28,4,2,2,12
61,1,14,10,5,2,4,12
62,7,12,29,7,2,10,12
63,7,7,25,2,2,6,12
64,2,12,25,5,2,6,12
65,4,12,17,7,2,6,12
64,8,11,25,5,2,6,12
64,0,9,25,5,2,6,12
66,4,19,30,11,2,10,12
67,1,16,8,9,2,4,12
68,8,17,31,13,2,6,12
69,1,16,8,9,2,4,12
70,7,18,31,8,2,4,12
71,4,15,19,10,2,4,12
72,7,13,11,3,2,2,12
73,4,14,14,7,2,6,12
74,4,13,29,7,2,4,12
75,1,15,32,0,2,4,12
76,4,10,17,7,2,6,12
77,5,17,33,14,2,9,12
78,2,13,12,2,2,4,12
79,3,16,15,9,2,0,12
80,4,13,21,7,2,10,12
81,7,14,19,4,2,4,12
82,4,15,14,7,2,5,12
83,4,14,10,12,2,5,12
84,7,15,34,9,2,10,12
85,3,8,13,2,2,4,12
86,6,15,35,10,2,6,12
87,4,14,28,11,2,6,12
64,3,6,25,5,2,6,12
88,3,6,36,8,2,0,12
89,1,18,8,13,2,6,12
90,2,14,30,1,2,10,12
91,2,12,37,5,2,6,12
91,3,8,37,5,2,6,12
92,4,13,19,6,2,9,12
93,2,14,11,0,2,0,12
94,7,17,31,9,2,4,12
95,3,16,31,2,2,4,12
96,1,13,4,3,2,5,12
97,4,12,4,12,2,4,12
98,4,10,38,7,2,9,12
99,6,17,17,11,2,1,12
100,4,16,17,4,2,6,12
101,1,15,16,4,2,9,12
102,6,17,17,10,2,1,12
103,4,17,17,11,2,6,12
104,4,11,11,7,2,6,12
105,1,14,39,11,2,4,12
106,1,16,40,13,2,6,12
107,1,16,4,8,2,5,12
108,2,10,19,8,2,9,12
109,4,19,19,4,2,6,12
110,3,18,17,2,2,1,12
111,3,18,17,9,2,1,12
112,7,16,17,3,2,1,12
113,4,10,17,7,2,3,12
114,0,10,17,2,2,10,12
115,6,10,25,7,2,6,12
116,4,6,4,7,2,2,12
115,4,12,25,7,2,6,12
117,3,3,41,3,2,0,12
118,4,13,14,7,2,6,12
119,4,14,14,9,2,6,12
120,7,10,14,7,2,6,12
121,0,11,15,0,2,6,12
122,1,13,5,7,2,5,12
123,4,12,21,7,2,6,12
124,3,14,42,2,2,3,12
125,0,13,17,0,2,3,12
126,4,16,16,9,2,6,12
127,4,12,29,4,2,0,12
128,4,10,29,7,2,10,12
129,8,12,11,5,2,6,12
129,2,11,11,5,2,6,12
130,3,9,43,13,2,3,12
130,0,13,43,13,2,3,12
130,2,12,43,13,2,3,12
130,1,13,43,13,2,3,12
131,4,17,29,7,2,6,12
124,0,15,44,2,2,3,12
124,1,14,45,9,2,3,12
132,3,16,42,0,2,3,12
132,0,16,42,0,2,3,12
132,1,16,42,0,2,3,12
133,4,15,46,11,2,8,12
134,8,15,12,15,2,4,12
135,4,16,47,11,2,4,12
136,2,17,2,2,2,4,12
137,4,10,37,8,2,6,12
138,3,5,48,3,2,10,12
139,3,8,10,0,2,6,12
140,4,9,49,10,2,6,12
141,3,11,50,3,2,6,12
142,7,12,50,2,2,6,12
142,0,10,50,3,2,6,12
143,8,14,51,13,2,6,12
144,7,9,17,4,2,9,12
145,7,10,17,3,2,9,12
138,0,7,48,3,2,10,12
146,0,14,16,8,2,5,12
146,7,14,16,3,2,5,12
147,2,15,52,3,2,2,12
147,1,15,52,3,2,2,12
148,6,13,2,4,2,4,12
149,1,16,53,2,2,3,12
150,3,10,28,8,2,6,12
151,4,17,30,12,2,10,12
150,0,7,28,8,2,6,12
152,2,15,54,8,2,0,12
91,0,9,37,5,2,6,12
91,8,8,37,5,2,6,12
137,3,9,37,8,2,6,12
137,0,12,37,8,2,6,12
137,2,7,37,8,2,6,12
153,2,17,29,5,2,10,12
154,1,17,24,5,2,3,12
155,7,13,25,4,2,4,12
156,3,12,55,2,2,3,12
157,4,7,33,6,2,10,12
158,4,14,19,10,2,1,12
159,0,15,30,2,2,8,12
160,4,14,3,6,2,4,12
161,4,13,2,10,2,4,12
162,4,17,56,4,2,4,12
163,4,17,56,7,2,4,12
164,4,14,29,11,2,6,12
165,5,17,33,12,2,9,12
166,2,9,21,5,2,0,12
167,4,10,2,10,2,6,12
168,4,16,5,10,2,3,12
169,1,14,57,2,2,4,12
170,6,14,10,7,2,4,12
171,9,15,29,15,2,10,12
172,4,8,33,7,2,10,12
173,9,18,4,16,2,4,12
174,3,14,15,9,2,4,12
175,3,8,58,0,2,3,12
176,10,19,59,17,2,4,12
176,3,19,31,2,2,4,12
152,0,15,54,8,2,0,12
177,7,9,25,3,2,1,12
177,2,11,25,3,2,1,12
177,3,13,25,3,2,1,12
178,3,11,4,9,2,6,12
179,1,11,46,4,2,9,12
180,2,10,10,0,2,6,12
180,1,10,10,0,2,6,12
180,4,10,10,0,2,6,12
181,4,15,3,12,2,9,12
182,3,14,30,8,2,6,12
183,0,11,30,0,2,6,12
184,8,16,30,18,2,4,12
180,0,10,10,0,2,6,12
185,2,13,30,0,2,10,12
186,2,13,30,8,2,10,12
187,3,14,30,0,2,4,12
188,2,10,30,16,2,10,12
180,3,7,10,0,2,6,12
180,7,7,10,0,2,6,12
189,2,11,30,3,2,9,12
190,4,14,30,11,2,9,12
191,0,16,2,9,2,10,12
191,4,16,2,9,2,10,12
192,0,16,2,3,2,10,12
192,4,16,2,3,2,10,12
193,2,11,2,2,2,10,12
194,7,12,60,0,2,8,12
195,8,14,30,15,2,10,12
178,7,13,4,9,2,6,12
196,2,10,46,8,2,6,12
197,0,13,52,3,2,6,12
198,0,12,61,2,2,4,12
199,0,12,16,0,2,11,12
199,3,14,16,0,2,11,12
200,2,17,4,2,2,5,12
200,3,14,4,2,2,5,12
200,7,13,4,2,2,5,12
200,1,15,4,0,2,5,12
197,7,11,52,3,2,6,12
196,0,11,46,8,2,6,12
201,1,16,52,9,2,2,12
201,4,16,52,9,2,2,12
202,4,15,25,2,2,0,12
203,4,16,11,10,2,6,12
202,2,16,25,2,2,0,12
196,3,9,46,8,2,6,12
196,1,10,46,8,2,6,12
204,1,18,62,19,2,9,12
204,6,17,25,6,2,9,12
205,1,18,28,9,2,4,12
206,4,12,52,11,2,2,12
207,3,11,3,2,2,7,12
208,3,6,0,8,2,3,12
209,3,13,21,3,2,10,12
210,2,10,12,13,2,4,12
211,4,10,30,2,2,10,12
212,0,18,25,0,2,0,12
213,4,15,28,6,2,6,12
214,4,13,63,12,2,10,12
215,4,15,28,12,2,6,12
216,7,12,64,0,2,6,12
217,1,16,4,5,2,2,12
217,2,16,4,5,2,2,12
216,2,12,14,0,2,6,12
218,2,12,14,1,2,6,12
219,2,14,14,8,2,6,12
220,10,18,29,19,2,10,12
221,4,15,19,10,2,8,12
222,2,18,29,0,2,10,12
223,4,12,65,7,2,9,12
224,3,12,66,3,2,0,12
225,2,17,29,13,2,10,12
226,7,14,16,9,2,4,12
227,1,12,67,4,2,4,12
228,4,10,30,7,2,2,12
212,2,18,25,0,2,0,12
229,1,14,68,5,2,5,12
230,7,11,2,3,2,5,12
231,4,16,14,10,2,5,12
232,4,16,14,11,2,5,12
233,4,13,2,7,2,2,12
233,6,4,2,4,2,2,12
234,4,11,69,4,2,6,12
235,8,13,70,15,2,4,12
236,4,15,46,7,2,9,12
237,7,15,2,3,2,10,12
237,7,13,2,3,2,10,12
238,7,12,46,4,2,9,12
238,1,14,46,4,2,9,12
238,4,14,46,4,2,9,12
239,7,13,30,8,2,10,12
240,2,11,30,5,2,10,12
241,0,7,71,3,2,6,12
242,3,17,31,3,2,4,12
243,3,18,31,2,2,4,12
244,6,9,15,4,2,6,12
245,3,18,15,0,2,4,12
246,4,13,14,4,2,6,12
247,0,13,31,3,2,4,12
248,3,18,15,8,2,4,12
249,2,18,12,1,2,4,12
250,4,14,14,4,2,6,12
251,7,9,14,3,2,4,12
252,4,16,19,10,2,3,12
253,4,14,14,11,2,6,12
254,4,16,14,11,2,6,12
255,4,14,21,4,2,4,12
256,4,16,21,7,2,5,12
257,2,11,14,3,2,6,12
258,2,15,46,2,2,6,12
258,4,12,46,2,2,6,12
259,1,15,3,20,2,6,12
260,7,12,17,9,2,1,12
261,4,18,4,7,2,6,12
262,10,18,15,21,2,4,12
263,2,13,71,5,2,9,12
264,0,14,25,0,2,0,12
265,3,15,11,0,2,4,12
264,2,14,25,0,2,0,12
266,1,15,72,6,2,5,12
267,1,14,2,0,2,5,12
268,0,13,25,0,2,0,12
269,2,9,21,13,2,6,12
270,1,14,73,13,2,3,12
268,2,13,25,0,2,0,12
271,0,16,25,8,2,0,12
272,0,14,15,5,2,4,12
273,4,14,28,4,2,9,12
261,6,15,4,7,2,6,12
274,3,15,10,2,2,8,12
275,1,15,67,10,2,5,12
276,2,15,19,8,2,11,12
277,1,13,3,4,2,5,12
278,8,8,74,5,2,11,12
279,1,17,75,10,2,4,12
280,3,10,17,3,2,1,12
281,7,9,17,4,2,1,12
282,0,15,28,0,2,6,12
264,4,14,25,0,2,0,12
177,0,10,25,3,2,1,12
177,1,11,25,3,2,1,12
177,4,10,25,3,2,1,12
283,4,14,3,6,2,8,12
284,4,17,26,10,2,10,12
285,1,8,76,2,2,5,12
286,8,14,4,5,2,3,12
287,4,13,19,4,2,2,12
288,4,14,19,11,2,1,12
289,4,10,19,0,2,1,12
289,7,10,19,0,2,1,12
290,4,8,11,11,2,6,12
291,4,15,19,7,2,1,12
292,3,11,4,4,2,6,12
293,4,12,25,2,2,0,12
293,2,12,25,2,2,0,12
292,4,18,4,4,2,6,12
294,1,15,4,8,2,6,12
295,3,8,11,8,2,6,12
296,2,8,11,2,2,6,12
296,0,6,11,2,2,6,12
296,4,7,11,2,2,6,12
297,7,10,10,4,2,9,12
296,7,6,11,2,2,6,12
293,0,12,25,2,2,0,12
298,7,12,14,4,2,6,12
299,11,15,15,16,2,6,12
271,2,16,25,8,2,0,12
300,7,11,4,9,2,5,12
301,1,16,2,8,2,4,12
302,6,10,3,9,2,6,12
303,4,13,46,10,2,9,12
304,1,14,46,9,2,5,12
305,4,14,52,4,2,8,12
305,1,14,52,4,2,8,12
306,8,14,15,13,2,4,12
307,1,17,4,9,2,5,12
308,3,13,31,3,2,5,12
309,1,13,46,9,2,5,12
310,1,17,46,11,2,4,12
258,7,14,46,2,2,6,12
258,3,11,46,2,2,6,12
258,0,12,46,2,2,6,12
311,7,17,31,2,2,10,12
312,2,7,17,2,2,6,12
313,1,16,24,0,2,4,12
312,7,7,17,2,2,6,12
314,1,16,3,20,2,6,12
315,1,17,3,22,2,6,12
316,0,17,25,8,2,0,12
316,2,17,25,8,2,0,12
300,3,10,4,9,2,5,12
317,4,7,38,7,2,8,12
318,1,10,4,9,2,8,12
319,7,14,31,2,2,4,12
320,3,9,21,9,2,8,12
321,1,17,77,12,2,4,12
322,1,17,5,6,2,4,12
323,3,15,15,3,2,3,12
324,0,14,29,0,2,6,12
320,2,8,21,5,2,8,12
325,7,10,2,3,2,7,12
326,4,14,2,7,2,10,12
327,1,17,5,11,2,5,12
328,4,12,29,10,2,9,12
329,1,18,5,20,2,5,12
330,2,7,14,8,2,4,12
331,7,15,31,3,2,4,12
332,2,15,52,5,2,2,12
202,0,16,25,2,2,0,12
333,3,6,14,3,2,6,12
334,2,2,25,2,2,9,12
335,3,14,25,3,2,11,12
335,0,10,25,3,2,11,12
334,0,4,25,3,2,9,12
336,2,15,31,2,2,4,12
337,2,15,12,5,2,4,12
338,2,15,12,1,2,4,12
339,3,18,31,2,2,4,12
332,1,15,52,5,2,2,12
340,0,11,14,3,2,6,12
341,4,12,14,9,2,6,12
342,0,15,78,8,2,4,12
343,7,14,55,2,2,2,12
344,3,16,29,9,2,3,12
345,2,9,79,0,2,6,12
346,3,17,29,3,2,3,12
347,0,18,60,0,2,4,12
348,4,15,55,9,2,2,12
349,1,14,4,16,2,2,12
349,9,14,4,16,2,2,12
350,1,14,55,2,2,2,12
351,7,16,19,0,2,2,12
351,4,16,19,0,2,2,12
352,2,15,19,9,2,2,12
353,4,14,10,10,2,3,12
354,4,10,4,9,2,3,12
355,7,11,9,9,2,3,12
355,6,12,9,9,2,3,12
356,1,13,44,2,2,4,12
357,4,8,16,7,2,2,12
358,4,17,80,10,2,10,12
358,6,15,80,10,2,10,12
359,0,14,30,2,2,4,12
360,2,17,30,8,2,4,12
361,2,14,19,13,2,6,12
362,4,18,14,7,2,4,12
363,4,15,29,7,2,4,12
364,4,10,11,3,2,4,12
365,7,16,11,0,2,4,12
366,7,6,19,4,2,0,12
367,2,12,42,8,2,2,12
368,4,15,19,11,2,4,12
369,2,14,81,5,2,10,12
370,0,17,29,8,2,10,12
371,7,15,42,0,2,5,12
372,0,18,15,5,2,4,12
373,4,13,14,10,2,6,12
374,1,15,42,9,2,5,12
375,0,5,82,2,2,11,12
376,4,16,14,9,2,4,12
377,4,15,55,7,2,2,12
378,4,9,83,7,2,8,12
379,4,12,21,7,2,8,12
380,2,15,84,1,2,8,12
381,4,14,4,12,2,8,12
382,4,14,85,6,2,8,12
383,8,17,12,16,2,4,12
384,2,13,21,9,2,8,12
385,2,13,4,2,2,8,12
386,2,14,30,13,2,8,12
387,4,15,25,11,2,1,12
387,6,14,25,11,2,1,12
388,4,8,11,9,2,4,12
389,0,19,15,8,2,4,12
390,0,4,80,2,2,0,12
391,7,11,4,9,2,4,12
392,2,16,16,2,2,2,12
393,1,15,86,0,2,5,12
394,8,11,4,5,2,0,12
395,4,14,3,4,2,6,12
396,3,7,4,2,2,8,12
397,2,11,25,3,2,0,12
398,6,15,87,7,2,4,12
398,4,16,63,6,2,4,12
399,4,16,75,7,2,4,12
400,0,5,48,3,2,11,12
401,0,16,25,0,2,0,12
401,4,15,25,0,2,0,12
401,2,15,25,0,2,0,12
397,4,11,25,3,2,0,12
397,7,11,25,3,2,0,12
397,3,11,25,3,2,0,12
402,4,10,88,10,2,10,12
403,8,13,15,18,2,6,12
404,0,17,15,3,2,9,12
405,3,15,11,7,2,7,12
406,4,13,10,7,2,6,12
407,2,13,19,3,2,0,12
408,7,11,89,0,2,9,12
409,0,16,4,8,2,6,12
410,2,19,90,5,2,9,12
409,7,13,4,8,2,6,12
411,3,14,4,2,2,0,12
410,1,19,91,5,2,9,12
412,6,7,28,11,2,0,12
413,0,9,71,0,2,6,12
414,7,14,29,9,2,6,12
415,1,16,3,11,2,5,12
416,2,16,14,1,2,4,12
417,2,8,30,9,2,8,12
418,2,13,14,16,2,4,12
419,6,9,28,7,2,10,12
420,4,12,2,6,2,8,12
421,4,7,92,10,2,9,12
422,4,10,2,11,2,1,12
422,6,8,2,11,2,1,12
423,4,12,25,10,2,6,12
424,4,8,28,11,2,2,12
423,6,12,25,10,2,6,12
425,4,16,19,11,2,6,12
426,3,16,60,2,2,4,12
427,0,18,30,0,2,4,12
428,1,11,73,8,2,3,12
429,1,16,4,5,2,4,12
430,4,11,46,7,2,5,12
431,4,16,2,7,2,6,12
409,1,15,4,8,2,6,12
432,6,12,27,7,2,9,12
433,4,11,80,10,2,6,12
434,3,16,29,3,2,3,12
435,4,14,93,6,2,8,12
436,4,15,30,9,2,8,12
437,4,15,93,7,2,8,12
438,7,14,30,8,2,8,12
439,7,15,30,9,2,8,12
440,3,16,31,3,2,4,12
441,10,16,59,19,2,4,12
442,2,13,21,1,2,6,12
443,4,14,2,7,2,2,12
444,0,14,4,0,2,10,12
445,4,17,19,6,2,4,12
446,4,17,10,11,2,4,12
447,0,13,94,2,2,3,12
448,4,14,80,11,2,11,12
449,3,16,28,2,2,5,12
450,3,16,28,9,2,5,12
451,1,17,67,14,2,5,12
452,1,14,67,4,2,5,12
452,1,15,67,4,2,5,12
452,1,16,67,4,2,5,12
453,1,17,67,5,2,5,12
454,1,18,67,10,2,5,12
455,1,17,67,11,2,5,12
456,0,12,16,8,2,11,12
457,2,17,30,5,2,4,12
458,4,16,17,11,2,8,12
459,7,18,31,5,2,4,12
460,1,16,2,3,2,4,12
461,1,16,2,9,2,4,12
462,1,17,2,10,2,4,12
463,4,14,27,4,2,10,12
464,4,13,17,7,2,9,12
465,3,9,95,5,2,0,12
466,4,16,10,4,2,10,12
467,3,15,31,0,2,4,12
468,3,5,84,9,2,6,12
469,4,17,30,4,2,10,12
470,3,12,15,9,2,0,12
471,2,16,10,8,2,11,12
472,4,18,30,10,2,10,12
473,2,16,10,13,2,11,12
474,2,16,10,1,2,11,12
475,4,16,10,11,2,11,12
476,1,14,1,5,2,5,12
477,3,11,11,3,2,6,12
477,4,13,11,3,2,6,12
477,2,13,11,3,2,6,12
478,1,16,42,8,2,3,12
479,0,16,17,8,2,1,12
480,3,17,31,3,2,8,12
481,3,15,29,0,2,3,12
482,11,19,15,15,2,4,12
483,1,12,96,5,2,8,12
484,4,7,86,4,2,9,12
485,0,16,54,0,2,0,12
486,4,16,25,12,2,4,12
485,2,16,54,0,2,0,12
487,0,12,4,5,2,0,12
488,0,15,52,0,2,6,12
489,4,14,19,11,2,0,12
490,2,12,21,8,2,6,12
491,1,16,97,0,2,3,12
492,8,18,15,13,2,4,12
493,0,16,15,3,2,5,12
494,2,14,30,16,2,10,12
495,2,16,30,13,2,10,12
496,2,18,30,1,2,10,12
497,7,14,30,5,2,10,12
498,4,15,30,3,2,10,12
499,4,14,2,3,2,10,12
500,3,8,71,9,2,6,12
501,8,9,30,13,2,1,12
501,8,14,30,13,2,1,12
502,4,12,30,9,2,6,12
503,7,14,30,0,2,10,12
504,7,13,2,9,2,10,12
505,7,14,30,9,2,10,12
506,4,11,28,11,2,9,12
483,2,12,96,5,2,8,12
507,3,14,10,3,2,4,12
508,5,15,63,14,2,9,12
509,4,14,11,11,2,6,12
510,4,10,30,10,2,9,12
511,4,19,31,9,2,4,12
512,3,15,31,3,2,4,12
513,1,16,10,5,2,3,12
513,2,16,10,5,2,3,12
514,6,14,4,6,2,10,12
515,4,16,31,3,2,4,12
516,1,13,32,5,2,2,12
517,5,17,15,14,2,4,12
518,0,9,11,3,2,4,12
518,7,9,11,3,2,4,12
519,1,14,98,13,2,5,12
520,2,16,30,13,2,6,12
521,2,15,30,1,2,6,12
522,8,8,30,5,2,6,12
523,4,13,29,11,2,10,12
524,4,17,29,9,2,6,12
444,4,14,4,0,2,10,12
525,2,11,12,16,2,4,12
526,4,14,4,7,2,4,12
527,7,9,17,9,2,0,12
528,3,10,34,3,2,9,12
529,4,9,14,9,2,9,12
530,3,12,27,2,2,9,12
531,8,15,30,13,2,4,12
532,6,10,10,4,2,6,12
533,7,13,16,3,2,6,12
534,3,13,28,3,2,5,12
535,0,12,99,5,2,3,12
536,4,10,28,11,2,9,12
537,3,17,29,8,2,3,12
535,2,14,99,5,2,3,12
538,4,15,19,11,2,6,12
539,6,10,28,6,2,11,12
540,4,15,17,12,2,5,12
541,1,15,67,11,2,5,12
542,4,9,4,9,2,9,12
543,1,17,67,9,2,5,12
544,0,10,15,3,2,9,12
545,3,13,100,4,2,8,12
546,4,11,26,11,2,8,12
547,0,18,15,5,2,6,12
548,8,16,15,15,2,4,12
549,1,13,10,5,2,8,12
550,4,17,29,10,2,4,12
551,1,13,10,5,2,8,12
552,1,14,10,16,2,8,12
553,1,12,10,5,2,8,12
554,1,13,42,9,2,5,12
555,8,14,4,5,2,5,12
556,3,15,60,2,2,4,12
557,3,16,17,9,2,4,12
558,7,11,19,5,2,4,12
559,3,5,25,5,2,6,12
560,4,14,21,7,2,4,12
559,8,5,25,5,2,6,12
561,0,7,21,0,2,0,12
562,4,19,17,7,2,6,12
563,2,12,27,0,2,10,12
564,5,14,10,14,2,10,12
565,2,18,60,5,2,10,12
566,4,13,11,11,2,2,12
567,7,8,17,4,2,6,12
568,4,14,3,10,2,6,12
559,0,7,25,5,2,6,12
569,4,8,3,7,2,0,12
570,5,16,101,14,2,1,12
571,4,11,30,7,2,3,12
572,3,11,31,2,2,6,12
573,8,13,102,15,2,4,12
574,11,12,14,13,2,6,12
575,2,13,64,5,2,6,12
576,4,11,14,2,2,6,12
577,4,10,14,3,2,6,12
578,7,11,103,3,2,4,12
579,1,15,10,8,2,8,12
580,1,15,18,0,2,8,12
581,1,15,10,0,2,8,12
582,1,15,10,4,2,8,12
583,1,18,1,0,2,3,12
584,3,16,60,9,2,4,12
585,8,16,104,13,2,4,12
586,1,14,5,9,2,5,12
587,0,15,60,2,2,4,12
588,3,17,29,4,2,6,12
589,2,14,105,5,2,4,12
590,4,14,106,10,2,6,12
591,4,12,17,4,2,8,12
592,1,17,25,4,2,8,12
593,4,10,17,7,2,10,12
594,3,16,15,8,2,4,12
595,4,11,10,7,2,9,12
596,3,17,17,2,2,4,12
597,3,14,5,2,2,6,12
597,0,11,5,2,2,6,12
598,1,15,42,0,2,3,12
599,0,13,4,0,2,3,12
600,2,12,30,15,2,10,12
601,4,8,16,3,2,6,12
601,0,8,16,3,2,6,12
602,4,14,17,4,2,5,12
595,3,10,10,4,2,9,12
603,2,15,10,3,2,6,12
603,0,14,10,3,2,6,12
603,4,14,10,3,2,6,12
604,0,19,54,8,2,0,12
604,2,19,54,8,2,0,12
604,3,12,54,8,2,0,12
605,1,15,10,9,2,8,12
606,1,15,10,3,2,8,12
607,7,15,54,0,2,0,12
608,4,15,25,11,2,5,12
609,1,15,10,4,2,8,12
610,6,10,28,11,2,6,12
611,4,15,21,11,2,10,12
612,3,12,47,3,2,5,12
613,0,19,15,9,2,6,12
614,4,17,19,4,2,4,12
615,4,14,107,11,2,5,12
616,4,14,29,9,2,6,12
617,4,18,11,11,2,10,12
618,4,18,11,10,2,10,12
619,1,14,10,7,2,8,12
619,1,14,10,7,2,8,12
620,3,16,4,0,2,6,12
621,4,17,29,7,2,6,12
619,1,15,10,7,2,8,12
622,1,16,25,7,2,5,12
623,4,12,38,7,2,9,12
624,3,13,30,0,2,4,12
625,4,16,27,9,2,10,12
626,4,15,63,6,2,10,12
627,4,9,20,11,2,1,12
628,7,8,10,0,2,6,12
629,6,3,48,10,2,9,12
630,4,12,10,11,2,9,12
631,4,17,10,10,2,9,12
628,3,10,10,0,2,6,12
628,4,8,10,0,2,6,12
628,0,8,10,0,2,6,12
628,2,8,10,0,2,6,12
632,1,16,28,3,2,5,12
633,3,11,34,9,2,8,12
634,4,7,11,2,2,6,12
635,4,16,17,11,2,10,12
634,3,8,11,2,2,6,12
636,3,7,17,3,2,0,12
634,2,8,11,2,2,6,12
637,6,15,4,10,2,9,12
638,4,15,4,7,2,9,12
639,0,11,28,5,2,6,12
639,2,12,28,5,2,6,12
640,4,17,29,11,2,1,12
641,7,7,17,8,2,7,12
642,7,14,19,3,2,6,12
643,7,12,19,4,2,2,12
532,4,13,10,4,2,6,12
644,4,10,80,11,2,2,12
645,1,18,10,19,2,5,12
646,4,7,37,4,2,0,12
647,2,13,21,2,2,10,12
648,0,8,80,9,2,6,12
649,2,15,12,1,2,4,12
650,4,14,5,11,2,9,12
651,1,18,10,10,2,9,12
652,4,17,34,4,2,1,12
653,4,15,10,4,2,9,12
654,7,15,19,8,2,6,12
655,1,17,28,3,2,5,12
656,2,17,93,1,2,1,12
657,3,16,29,3,2,1,12
658,1,15,10,0,2,5,12
659,3,14,4,4,2,5,12
660,6,11,108,10,2,9,12
661,1,11,3,3,2,5,12
662,1,16,3,0,2,5,12
663,3,16,29,9,2,1,12
664,4,13,5,4,2,6,12
665,4,10,109,4,2,2,12
634,0,7,11,2,2,6,12
666,6,15,4,6,2,10,12
667,2,9,14,3,2,6,12
668,4,17,12,3,2,4,12
669,1,18,81,8,2,10,12
669,2,18,81,0,2,10,12
670,2,15,110,1,2,10,12
671,2,18,81,8,2,10,12
672,8,12,81,5,2,10,12
672,7,16,81,5,2,10,12
673,2,13,4,9,2,8,12
673,0,11,4,3,2,8,12
673,1,13,4,9,2,8,12
674,2,12,4,3,2,8,12
675,0,8,11,9,2,10,12
676,3,12,11,2,2,4,12
677,3,17,11,9,2,10,12
678,10,17,17,19,2,9,12
679,1,17,1,0,2,11,12
680,4,16,14,4,2,4,12
681,6,16,105,10,2,10,12
682,4,16,28,6,2,9,12
683,2,17,30,8,2,3,12
684,7,6,12,2,2,4,12
685,4,9,25,10,2,6,12
686,2,11,30,2,2,6,12
687,6,15,2,4,2,5,12
688,0,9,80,9,2,6,12
689,7,12,2,9,2,4,12
690,4,11,80,6,2,6,12
688,4,9,80,9,2,6,12
691,0,6,2,0,2,11,12
692,4,9,111,9,2,8,12
693,2,16,17,13,2,8,12
694,4,11,5,11,2,10,12
695,4,11,80,4,2,4,12
696,4,13,27,11,2,10,12
697,0,18,15,2,2,10,12
698,1,16,10,4,2,5,12
699,3,15,37,8,2,7,12
700,5,18,15,22,3,9,16
701,1,17,100,9,3,4,16
702,4,11,112,6,3,1,16
703,2,12,46,2,3,9,16
704,7,11,81,8,3,6,16
705,4,11,19,3,3,9,16
706,4,10,5,11,3,9,16
707,6,14,16,7,3,6,16
708,4,18,16,10,3,6,16
705,7,16,19,9,3,9,16
709,7,17,30,0,3,10,16
708,1,18,16,11,3,6,16
710,2,17,10,5,3,10,16
711,4,11,33,11,3,6,16
712,4,15,28,9,3,5,16
713,2,15,30,13,3,4,16
714,2,15,30,5,3,4,16
715,4,16,19,11,3,3,16
716,4,13,28,4,3,5,16
717,4,11,4,7,3,9,16
718,1,12,24,5,3,5,16
719,2,16,28,3,3,2,16
719,4,15,28,3,3,2,16
720,4,11,19,7,3,9,16
721,4,13,26,10,3,3,16
722,0,14,11,3,3,9,16
723,1,17,16,10,3,6,16
724,7,15,19,2,3,6,16
723,4,17,16,6,3,6,16
725,1,14,28,2,3,9,16
726,2,10,31,8,3,9,16
727,2,16,31,0,3,4,16
728,2,17,31,5,3,4,16
729,7,15,19,3,3,9,16
730,3,8,25,2,3,6,16
731,1,18,5,22,3,9,16
732,1,18,16,6,3,9,16
733,2,13,10,3,3,9,16
733,1,13,10,3,3,9,16
734,0,12,10,3,3,9,16
734,4,12,10,3,3,9,16
735,1,11,10,13,3,6,16
735,2,10,10,13,3,6,16
736,1,17,11,9,3,5,16
737,2,6,14,8,3,9,16
738,5,16,25,14,3,9,16
739,1,15,21,0,3,5,16
740,1,16,32,5,3,5,16
741,4,7,10,2,3,9,16
741,2,12,10,2,3,9,16
742,7,13,17,7,3,5,16
743,7,14,17,9,3,0,16
744,7,16,17,9,3,6,16
745,7,10,17,3,3,6,16
746,4,19,17,6,3,6,16
747,4,17,17,10,3,6,16
748,4,17,4,11,3,6,16
732,4,16,16,6,3,9,16
732,6,13,16,11,3,9,16
749,4,10,4,4,3,9,16
750,2,17,4,3,3,9,16
751,4,13,10,11,3,9,16
752,5,18,63,14,3,6,16
753,8,17,29,13,3,6,16
753,2,15,29,1,3,6,16
753,11,15,29,1,3,6,16
753,1,15,29,1,3,6,16
754,4,14,29,11,3,6,16
755,2,16,29,1,3,6,16
755,1,16,29,1,3,6,16
756,0,10,4,9,3,9,16
757,0,18,15,8,3,6,16
758,4,11,28,10,3,9,16
759,1,15,28,0,3,9,16
760,4,15,16,7,3,9,16
761,4,9,112,6,3,6,16
762,4,10,2,9,3,6,16
763,2,16,4,2,3,9,16
764,3,7,10,4,3,10,16
764,7,9,10,4,3,10,16
764,4,9,10,4,3,10,16
763,1,16,4,2,3,9,16
750,7,14,4,3,3,9,16
759,2,16,28,0,3,9,16
765,4,17,106,6,3,6,16
766,4,13,3,6,3,6,16
767,3,11,17,0,3,3,16
768,4,15,63,6,3,6,16
769,7,14,86,0,3,6,16
770,0,5,113,2,3,11,16
771,0,16,60,3,3,6,16
772,2,17,64,0,3,6,16
773,3,14,14,2,3,6,16
774,0,11,4,5,3,3,16
774,2,11,4,5,3,3,16
775,8,12,4,5,3,3,16
776,2,15,16,2,3,11,16
777,4,17,29,10,3,3,16
778,2,16,16,3,3,11,16
779,4,16,16,4,3,11,16
780,2,14,16,0,3,11,16
780,0,16,16,0,3,11,16
781,2,16,10,5,3,11,16
782,2,16,10,0,3,11,16
783,2,16,10,2,3,11,16
784,2,16,10,3,3,6,16
785,4,14,10,9,3,11,16
785,7,16,10,9,3,11,16
786,4,16,10,4,3,11,16
787,2,17,16,9,3,11,16
788,2,13,29,8,3,9,16
789,4,17,29,7,3,6,16
790,4,13,38,7,3,11,16
791,2,7,42,8,3,6,16
792,4,16,16,11,3,2,16
793,7,9,80,4,3,0,16
429,1,10,4,5,3,4,16
794,4,18,4,4,3,6,16
795,4,16,4,7,3,6,16
796,4,9,4,4,3,8,16
797,1,18,75,20,3,4,16
798,4,13,80,4,3,6,16
799,2,14,80,2,3,10,16
800,1,11,31,0,3,5,16
801,2,17,19,5,3,2,16
802,4,6,22,11,3,10,16
803,2,16,12,13,3,4,16
804,8,16,29,1,3,3,16
805,4,17,70,2,3,4,16
806,1,17,45,7,3,9,16
807,1,17,11,8,3,5,16
808,2,15,52,0,3,6,16
808,1,15,52,0,3,6,16
809,2,16,52,2,3,6,16
810,1,14,52,3,3,5,16
811,2,17,19,2,3,2,16
788,1,13,29,8,3,9,16
812,2,16,29,2,3,9,16
813,7,14,19,0,3,9,16
814,4,9,55,3,3,6,16
815,8,14,15,13,3,3,16
816,2,15,25,8,3,6,16
816,0,15,25,8,3,6,16
816,3,13,25,8,3,6,16
817,4,9,3,9,3,6,16
817,1,12,3,9,3,6,16
818,4,11,10,11,3,6,16
819,5,10,33,14,3,0,16
820,4,16,19,7,3,9,16
814,7,9,55,3,3,6,16
821,7,16,19,9,3,9,16
822,4,19,30,4,3,10,16
823,7,16,30,0,3,10,16
824,4,13,19,11,3,9,16
825,4,14,19,4,3,9,16
826,4,14,19,10,3,9,16
826,4,16,19,10,3,9,16
827,2,15,19,5,3,9,16
828,2,14,21,13,3,9,16
829,4,13,4,4,3,9,16
829,1,13,114,4,3,9,16
830,2,16,30,13,3,10,16
829,0,9,43,8,3,9,16
831,7,11,4,9,3,9,16
832,2,16,37,1,3,10,16
833,1,18,5,7,3,9,16
834,1,14,67,11,3,9,16
835,1,13,67,3,3,9,16
836,2,13,11,0,3,5,16
837,4,13,16,10,3,6,16
838,1,7,55,4,3,9,16
839,1,18,25,8,3,5,16
840,1,18,25,1,3,5,16
841,1,18,25,20,3,5,16
842,1,17,10,5,3,4,16
832,9,16,37,1,3,10,16
843,4,15,29,4,3,6,16
844,2,14,19,3,3,6,16
845,1,17,31,13,3,6,16
845,2,17,31,13,3,6,16
846,5,13,17,14,3,4,16
847,7,14,25,0,3,6,16
847,3,9,25,0,3,6,16
848,2,16,19,0,3,6,16
849,9,16,19,16,3,6,16
850,2,17,19,5,3,6,16
832,11,16,37,1,3,10,16
851,4,13,11,7,3,6,16
731,4,17,5,6,3,9,16
852,2,11,58,5,3,9,16
853,7,11,19,4,3,10,16
854,2,8,17,8,3,6,16
855,9,13,14,15,3,6,16
856,9,15,14,16,3,6,16
857,2,7,52,0,3,3,16
858,1,10,42,16,3,4,16
858,2,10,42,16,3,4,16
859,1,14,115,2,3,4,16
859,1,16,115,2,3,4,16
859,2,17,42,0,3,4,16
860,1,17,28,3,3,9,16
861,4,16,52,7,3,3,16
862,1,18,30,0,3,9,16
863,4,13,3,9,3,9,16
864,4,13,116,11,3,6,16
865,4,14,4,7,3,6,16
866,7,14,4,3,3,11,16
867,2,15,4,5,3,0,16
868,1,14,42,16,3,4,16
869,2,15,31,1,3,4,16
870,1,17,42,0,3,4,16
871,4,14,25,11,3,9,16
872,1,13,42,8,3,3,16
873,4,14,21,9,3,6,16
874,4,12,83,7,3,3,16
875,1,13,79,0,3,9,16
876,2,13,29,8,3,6,16
877,4,13,17,10,3,9,16
878,4,13,17,6,3,9,16
879,2,8,19,3,3,6,16
880,2,9,9,5,3,6,16
881,4,17,17,11,3,6,16
882,4,18,17,6,3,6,16
883,7,14,17,8,3,6,16
883,4,14,17,8,3,6,16
883,0,14,17,0,3,6,16
884,1,15,1,13,3,3,16
876,0,13,29,8,3,6,16
884,2,15,1,13,3,3,16
885,4,15,3,11,3,6,16
886,1,13,24,3,3,4,16
887,4,9,80,10,3,6,16
158,8,15,11,5,3,1,16
888,4,15,47,4,3,4,16
889,4,16,47,7,3,4,16
890,4,13,33,10,3,3,16
891,5,18,33,14,3,6,16
892,4,16,80,7,3,4,16
893,4,15,80,6,3,4,16
885,1,15,3,11,3,6,16
894,4,16,10,7,3,10,16
726,1,10,31,8,3,9,16
895,7,12,10,8,3,6,16
896,4,16,117,12,3,9,16
897,1,18,2,7,3,9,16
898,2,16,80,3,3,9,16
899,4,14,30,6,3,9,16
898,1,16,80,3,3,9,16
900,2,11,10,9,3,4,16
901,7,12,25,0,3,6,16
902,11,16,37,1,3,6,16
902,1,16,37,1,3,6,16
903,4,17,3,10,3,9,16
902,2,16,37,1,3,6,16
904,2,14,29,13,3,4,16
905,4,16,31,11,3,4,16
906,4,15,4,4,3,4,16
902,2,15,37,1,3,6,16
907,1,17,5,3,3,5,16
709,2,17,30,0,3,10,16
908,2,16,10,2,3,9,16
909,5,18,17,14,3,1,16
901,3,10,25,0,3,6,16
910,4,12,30,4,3,6,16
911,4,13,80,4,3,9,16
912,2,18,19,5,3,6,16
913,0,12,80,2,3,10,16
914,1,19,37,5,3,6,16
915,7,14,28,8,3,10,16
916,4,14,29,10,3,3,16
915,2,16,28,8,3,10,16
917,2,16,28,13,3,6,16
918,2,17,28,13,3,6,16
919,2,14,3,2,3,6,16
919,1,15,3,2,3,6,16
919,0,15,3,2,3,6,16
920,1,15,10,16,3,9,16
921,1,18,1,16,3,4,16
922,2,15,29,1,3,6,16
923,2,16,19,3,3,6,16
914,2,19,37,5,3,6,16
924,0,12,4,8,3,9,16
925,9,18,19,15,3,6,16
926,2,16,19,13,3,6,16
913,2,13,80,2,3,10,16
913,4,11,80,2,3,10,16
927,2,19,19,0,3,6,16
919,4,8,3,0,3,6,16
928,7,9,4,0,3,6,16
901,4,9,25,0,3,6,16
929,4,12,2,9,3,2,16
930,2,10,71,0,3,9,16
931,6,16,108,10,3,9,16
932,1,12,24,0,3,4,16
933,1,18,10,4,3,9,16
934,3,11,42,0,3,5,16
935,1,11,42,8,3,8,16
936,0,8,4,3,3,10,16
937,1,18,11,0,3,5,16
938,1,15,10,9,3,9,16
939,1,17,10,8,3,9,16
940,1,16,10,5,3,9,16
941,1,17,25,3,3,9,16
942,2,16,30,8,3,6,16
943,2,13,12,1,3,4,16
944,1,15,4,0,3,9,16
944,2,15,4,0,3,9,16
945,2,17,25,3,3,9,16
945,1,17,25,3,3,9,16
945,3,12,25,3,3,9,16
946,4,14,25,9,3,9,16
940,2,15,10,5,3,9,16
929,0,12,4,3,3,2,16
947,4,16,31,9,3,4,16
948,2,15,10,8,3,10,16
901,0,9,25,0,3,6,16
949,2,16,17,16,3,6,16
950,8,7,4,5,3,2,16
949,1,16,17,16,3,6,16
951,5,17,118,22,3,9,16
952,2,12,17,5,3,6,16
953,8,12,17,1,3,6,16
954,2,17,17,8,3,6,16
955,2,15,11,2,3,4,16
956,1,15,10,5,3,6,16
957,2,15,31,5,3,4,16
958,2,13,14,5,3,6,16
959,2,13,14,5,3,6,16
960,2,12,14,1,3,6,16
955,2,8,11,2,3,4,16
955,2,12,11,2,3,4,16
955,2,18,11,2,3,4,16
961,7,18,11,8,3,4,16
962,4,5,80,3,3,2,16
939,2,17,10,8,3,9,16
957,1,12,31,5,3,4,16
963,2,18,3,0,3,6,16
964,7,15,25,9,3,11,16
964,2,16,25,9,3,11,16
965,2,16,28,13,3,6,16
966,3,14,28,0,3,10,16
966,4,16,28,0,3,10,16
967,1,16,68,0,3,5,16
968,1,18,11,5,3,5,16
969,1,17,11,1,3,5,16
970,4,14,3,4,3,9,16
971,1,11,56,5,3,4,16
971,2,11,56,5,3,4,16
965,1,16,119,13,3,6,16
972,1,16,68,5,3,5,16
973,1,18,5,7,3,9,16
974,4,15,25,11,3,6,16
966,7,16,28,0,3,10,16
975,2,8,52,2,3,9,16
976,6,14,17,10,3,9,16
977,8,16,64,5,3,10,16
978,2,17,14,13,3,10,16
979,4,9,20,4,3,6,16
980,5,19,28,6,3,1,16
981,4,13,25,4,3,6,16
982,4,10,20,7,3,9,16
965,11,16,28,13,3,6,16
966,2,17,28,0,3,10,16
956,2,15,10,5,3,6,16
983,2,13,10,1,3,9,16
984,1,16,10,2,3,9,16
985,4,14,30,7,3,9,16
986,7,16,31,3,3,4,16
987,0,6,11,8,3,10,16
988,0,12,42,0,3,3,16
989,4,10,16,9,3,6,16
918,0,15,28,13,3,6,16
966,0,16,28,0,3,10,16
990,0,16,28,5,3,10,16
991,2,14,14,13,3,4,16
990,2,17,28,5,3,10,16
895,2,15,10,8,3,6,16
992,2,15,71,2,3,9,16
993,1,18,30,13,3,4,16
993,2,18,30,5,3,4,16
994,2,17,30,16,3,4,16
995,1,11,29,8,3,6,16
995,2,11,29,8,3,6,16
996,2,15,29,13,3,6,16
997,4,13,3,4,3,9,16
998,2,11,3,2,3,9,16
999,4,15,10,10,3,9,16
1000,1,13,10,8,3,5,16
1001,2,18,25,1,3,4,16
1001,1,18,25,13,3,4,16
1002,3,13,4,0,3,6,16
1003,1,16,10,3,3,5,16
1004,1,14,10,2,3,5,16
1005,1,16,120,14,3,5,16
1006,1,16,10,12,3,5,16
1007,1,16,63,23,3,5,16
1008,4,12,3,9,3,9,16
1009,5,15,15,14,3,5,16
1010,6,14,33,10,3,9,16
1010,4,8,33,10,3,9,16
1011,2,16,28,0,3,10,16
1012,4,11,31,9,3,9,16
1013,0,16,15,2,3,6,16
1014,1,14,68,8,3,5,16
1015,4,17,25,11,3,11,16
964,4,14,25,9,3,11,16
963,1,18,3,0,3,6,16
1016,4,12,14,4,3,4,16
1017,1,12,28,0,3,5,16
1018,2,17,29,2,3,6,16
1018,1,18,29,2,3,6,16
1019,2,14,28,5,3,10,16
1019,0,11,28,5,3,10,16
1020,4,8,10,4,3,9,16
1021,2,10,14,16,3,6,16
1019,4,13,28,5,3,10,16
1019,7,12,28,5,3,10,16
998,1,11,3,2,3,9,16
1022,4,8,121,4,3,9,16
1019,8,12,28,5,3,10,16
1023,2,18,30,0,3,4,16
1024,2,15,25,16,3,9,16
1024,9,15,25,16,3,9,16
1025,2,10,28,0,3,6,16
1026,4,14,28,9,3,6,16
1027,2,17,16,1,3,11,16
1028,1,18,3,12,3,4,16
1029,0,15,11,5,3,9,16
1030,4,13,29,4,3,6,16
1031,4,17,29,6,3,6,16
1032,4,16,29,11,3,6,16
1033,4,15,29,4,3,6,16
946,2,14,25,9,3,9,16
1034,1,17,25,4,3,9,16
1035,9,17,10,16,3,11,16
1036,1,14,25,2,3,9,16
1037,2,15,19,3,3,8,16
1038,7,13,42,4,3,11,16
1039,1,15,4,2,3,6,16
1039,2,15,4,2,3,6,16
1040,1,18,4,7,3,9,16
1041,1,16,28,5,3,5,16
1042,9,8,122,16,3,6,16
1043,2,11,25,13,3,6,16
1036,2,14,25,2,3,9,16
1044,1,17,119,13,3,6,16
1045,1,17,28,8,3,5,16
1046,1,17,123,2,3,4,16
1046,2,17,123,2,3,4,16
1047,4,14,124,7,3,4,16
1048,1,18,28,0,3,5,16
1049,2,13,86,0,3,6,16
1050,1,16,67,5,3,4,16
1051,1,16,67,4,3,4,16
1052,1,16,28,7,3,5,16
1053,1,14,125,0,3,5,16
1054,1,10,126,5,3,9,16
1055,1,13,31,0,3,4,16
1056,0,17,15,5,3,4,16
1057,2,12,123,5,3,9,16
1057,1,13,123,5,3,9,16
1058,4,6,29,4,3,9,16
1059,4,12,5,11,3,6,16
1060,1,16,16,2,3,6,16
1060,0,16,16,2,3,6,16
1061,1,11,68,5,3,6,16
1062,2,9,19,8,3,10,16
1063,1,18,16,9,3,4,16
1064,2,8,52,5,3,9,16
1065,11,16,30,13,3,10,16
1065,2,16,30,13,3,10,16
1066,4,14,11,7,3,6,16
1067,4,16,25,11,3,6,16
1068,7,12,4,0,3,6,16
1068,0,13,4,2,3,6,16
730,0,11,25,2,3,6,16
730,4,11,25,2,3,6,16
730,1,12,25,2,3,6,16
1069,4,11,2,7,3,9,16
1070,4,13,10,9,3,9,16
730,2,12,25,2,3,6,16
1071,7,15,31,8,3,4,16
1072,4,12,19,12,3,6,16
1073,2,17,11,3,3,10,16
1074,1,14,16,1,3,9,16
1075,4,8,19,9,3,3,16
1076,2,7,17,13,3,6,16
1077,0,15,11,0,3,9,16
1078,1,17,1,8,3,11,16
1079,4,12,11,7,3,3,16
1080,4,13,49,10,3,9,16
1081,2,12,19,8,3,4,16
1082,2,13,19,2,3,4,16
1083,4,14,33,10,3,11,16
1084,2,14,127,2,3,6,16
1085,2,16,30,5,3,6,16
1086,4,14,29,11,3,6,16
1063,2,17,4,3,3,4,16
1087,4,15,17,6,3,9,16
1074,2,14,16,1,3,9,16
1088,3,14,11,5,3,6,16
983,1,14,10,1,3,9,16
1089,1,16,25,0,3,9,16
1090,3,15,25,8,3,11,16
1091,7,11,25,3,3,9,16
1092,1,15,25,1,3,9,16
1092,9,15,25,1,3,9,16
1093,2,14,128,0,3,11,16
1089,2,18,25,0,3,9,16
1094,0,14,25,8,3,9,16
1092,11,15,25,1,3,9,16
1094,3,13,25,8,3,9,16
1095,4,17,19,10,3,6,16
1096,2,12,25,16,3,9,16
1097,4,11,2,4,3,6,16
1098,4,15,19,6,3,6,16
1099,4,13,25,7,3,9,16
1100,4,11,29,4,3,6,16
1092,2,15,25,1,3,9,16
1036,0,14,25,2,3,9,16
1094,2,18,25,8,3,9,16
1096,11,12,25,16,3,9,16
1101,11,19,15,16,3,6,16
1102,1,16,129,13,3,4,16
1090,2,12,25,8,3,11,16
1103,0,12,25,2,3,11,16
1090,0,13,25,8,3,11,16
1104,2,12,25,5,3,11,16
1105,7,9,5,3,3,6,16
1104,0,7,25,5,3,11,16
1036,3,12,25,2,3,9,16
1093,0,14,128,0,3,11,16
1106,0,17,11,0,4,6,18
1107,4,9,130,7,4,6,18
1108,2,10,58,1,4,9,18
1108,1,10,58,1,4,9,18
1109,2,9,131,2,4,6,18
1107,1,17,16,10,4,6,18
1110,1,14,28,5,4,9,18
1111,1,15,16,8,4,6,18
1110,2,14,28,5,4,9,18
1112,4,8,3,11,4,10,18
1113,2,17,16,5,4,3,18
1114,0,11,29,3,4,6,18
1115,8,9,29,5,4,6,18
1116,0,13,29,0,4,6,18
1117,11,16,4,16,4,6,18
1117,2,16,4,16,4,6,18
1117,1,18,4,16,4,6,18
1117,9,18,4,16,4,6,18
1118,11,17,25,13,4,9,18
1118,1,17,25,13,4,9,18
1119,4,10,5,4,4,6,18
1120,2,12,29,13,4,6,18
1121,1,16,31,13,4,6,18
1121,2,16,31,13,4,6,18
1120,1,12,29,13,4,6,18
1118,2,17,25,13,4,9,18
1122,2,18,11,8,4,9,18
1123,1,16,16,9,4,9,18
1124,2,13,12,5,4,6,18
1125,1,17,16,5,4,3,18
1126,1,16,132,5,4,9,18
1127,2,6,27,2,4,6,18
1111,2,14,16,8,4,6,18
1128,1,8,4,5,4,9,18
1129,4,14,28,7,4,9,18
1130,2,19,16,1,4,9,18
1131,2,18,16,8,4,9,18
1132,1,16,10,1,4,9,18
1132,9,16,10,1,4,9,18
1133,9,17,4,16,4,6,18
1133,1,15,4,16,4,6,18
1134,2,15,42,1,4,6,18
1135,1,10,98,5,4,5,18
1136,1,19,16,3,4,9,18
1134,1,15,42,1,4,6,18
1137,1,18,4,16,4,4,18
1138,4,7,5,7,4,3,18
1137,2,18,4,16,4,4,18
1139,2,16,19,5,4,9,18
1140,2,17,19,0,4,9,18
1141,9,18,19,1,4,9,18
1142,1,18,10,3,4,9,18
1143,9,16,123,16,4,9,18
1144,1,12,4,9,4,9,18
1109,1,8,131,2,4,6,18
1130,1,19,16,1,4,9,18
1145,2,18,16,8,4,6,18
1146,2,17,11,0,4,6,18
1147,4,9,72,7,4,9,18
1128,2,9,4,5,4,9,18
1148,1,12,133,8,4,9,18
1149,2,15,11,13,4,6,18
1150,2,16,16,8,4,6,18
1151,2,14,29,0,4,1,18
1152,2,6,25,3,4,9,18
1136,2,19,16,2,4,9,18
1153,2,9,30,5,4,6,18
1154,4,13,16,11,4,6,18
1155,7,9,16,3,4,6,18
1156,1,15,28,0,4,6,18
1155,4,9,16,3,4,6,18
1155,0,9,16,3,4,6,18
1132,2,15,10,1,4,9,18
1157,7,8,5,9,4,5,18
1156,2,15,28,2,4,6,18
1158,4,9,5,4,4,6,18
1159,3,8,11,4,4,0,18
1160,4,19,29,4,4,6,18
41,7,8,4,3,4,6,18
1161,1,17,10,2,4,9,18
1162,4,15,29,4,4,6,18
1163,2,18,16,13,4,9,18
1163,1,18,16,13,4,9,18
1164,1,17,16,11,4,9,18
1165,1,15,42,13,4,4,18
1164,4,12,16,11,4,9,18
1165,2,11,42,13,4,4,18
1166,1,17,91,0,4,9,18
1167,2,10,37,0,4,9,18
1168,2,16,10,13,4,4,18
1168,2,16,10,13,4,4,18
1168,1,16,10,13,4,4,18
1169,2,15,42,1,4,6,18
1168,1,16,10,13,4,4,18
1170,1,15,133,5,4,9,18
1171,1,18,123,5,4,9,18
1172,3,14,80,3,4,10,18
1173,4,17,16,4,4,6,18
1174,9,19,19,18,4,9,18
1175,7,12,64,0,4,6,18
1171,2,18,123,5,4,9,18
1176,7,17,17,8,4,6,18
1177,2,11,11,2,4,6,18
1178,2,14,10,5,4,6,18
1179,2,17,17,2,4,6,18
1180,2,14,17,16,4,6,18
1181,1,12,25,0,4,9,18
1180,9,14,17,16,4,6,18
1182,1,16,10,5,4,9,18
1182,2,16,10,5,4,9,18
1181,2,12,25,0,4,9,18
1183,2,15,4,2,4,9,18
1184,4,14,3,9,4,9,18
1183,1,15,4,2,4,9,18
1185,1,14,10,8,4,9,18
1185,2,14,10,8,4,9,18
1186,2,10,2,2,4,9,18
1186,1,10,2,2,4,9,18
1187,1,12,25,4,4,9,18
1188,4,15,80,7,4,9,18
1169,1,15,42,1,4,6,18
1189,1,16,28,8,4,9,18
1143,1,16,123,16,4,9,18
1190,2,18,10,13,4,4,18
1191,2,16,19,2,4,9,18
1192,4,16,17,7,4,6,18
1193,2,13,29,1,4,9,18
1193,1,13,29,1,4,9,18
1194,2,15,19,9,4,9,18
1195,2,17,29,13,4,9,18
1195,1,17,29,13,4,9,18
1196,2,11,14,5,4,6,18
1197,2,16,29,0,4,6,18
1198,1,18,28,9,4,5,18
1199,1,18,28,3,4,5,18
1197,1,16,29,0,4,6,18
1200,2,16,17,1,4,6,18
1160,1,11,4,3,4,6,18
1160,0,18,29,3,4,6,18
1201,1,17,28,1,4,5,18
1202,1,17,134,15,4,4,18
1203,2,13,28,3,4,6,18
41,2,9,4,3,4,6,18
1204,2,14,19,5,4,9,18
1205,2,14,11,2,4,6,18
1206,2,12,28,5,4,9,18
1207,2,18,16,13,4,9,18
1208,1,15,52,3,4,9,18
1208,2,15,52,3,4,9,18
1190,1,18,10,13,4,4,18
1190,11,18,10,13,4,4,18
1209,1,18,10,8,4,4,18
1209,2,18,10,5,4,4,18
1210,1,18,10,2,4,4,18
1211,2,14,37,13,4,6,18
1212,7,14,16,9,4,0,18
1212,4,14,16,4,4,0,18
1213,1,17,25,16,4,9,18
1213,2,17,25,16,4,9,18
1213,9,18,25,16,4,9,18
1214,7,13,25,4,4,0,18
1214,4,13,25,4,4,0,18
1215,4,15,4,4,4,6,18
1216,4,13,5,4,4,9,18
1207,1,18,16,13,4,9,18
1217,2,14,17,13,4,6,18
1206,1,12,28,5,4,9,18
1218,2,14,10,0,4,6,18
1219,4,8,5,7,4,10,18
1220,7,15,16,3,4,6,18
1221,1,9,135,5,4,9,18
1222,0,15,11,0,4,9,18
1223,2,15,80,3,4,9,18
1224,7,14,4,3,4,2,18
1225,1,17,16,13,4,5,18
1226,4,11,25,4,4,9,18
1227,2,11,16,5,4,9,18
1227,1,11,16,5,4,9,18
1225,2,17,16,13,4,5,18
1228,2,15,11,5,4,9,18
1229,1,16,4,16,4,9,18
1229,9,16,4,16,4,9,18
1229,2,16,4,16,4,9,18
1230,1,18,4,13,4,9,18
1230,2,18,4,13,4,9,18
1231,2,10,14,16,4,6,18
1232,4,15,11,4,4,6,18
1233,2,13,11,5,4,9,18
1234,4,15,11,9,4,3,18
1235,9,19,30,15,4,4,18
1236,2,16,31,8,4,4,18
1235,1,19,30,15,4,4,18
1237,1,18,30,5,4,6,18
1238,1,18,2,2,4,4,18
1239,1,16,2,3,4,4,18
1240,2,14,11,0,4,6,18
1241,2,12,14,13,4,6,18
1242,4,9,19,7,4,6,18
1243,1,17,5,4,4,9,18
1244,1,13,95,0,4,3,18
1245,1,17,21,0,4,9,18
1246,9,11,31,16,4,6,18
1247,2,11,10,1,4,9,18
1248,1,15,10,3,4,4,18
1249,2,15,2,0,4,6,18
1250,2,15,19,8,4,3,18
1251,1,18,3,23,4,6,18
1252,2,16,10,8,4,9,18
1253,2,9,4,2,4,9,18
204,1,14,62,19,4,9,18
1254,2,17,10,0,4,4,18
1254,1,18,10,0,4,4,18
1255,2,12,10,5,4,6,18
1255,1,12,10,5,4,6,18
1256,2,5,58,16,4,9,18
1257,1,17,10,16,4,4,18
1258,1,10,5,3,4,9,18
1258,2,10,5,3,4,9,18
1252,7,9,10,8,4,9,18
1259,2,12,10,2,4,9,18
1260,1,16,136,1,4,9,18
1260,1,17,136,1,4,9,18
1261,4,11,19,10,4,6,18
1245,1,16,21,0,4,9,18
1262,1,18,21,1,4,9,18
1262,2,14,21,1,4,9,18
1263,4,11,79,9,4,9,18
1264,2,10,31,1,4,4,18
1265,1,16,129,8,4,4,18
1266,4,15,10,4,4,9,18
1246,1,11,31,16,4,6,18
1267,2,12,42,16,4,6,18
1220,4,13,16,4,4,6,18
1268,1,13,52,5,4,9,18
1269,9,15,19,15,4,9,18
1270,1,14,52,0,4,9,18
1270,2,14,52,0,4,9,18
1271,3,5,34,4,4,0,18
1272,2,9,11,2,4,6,18
1273,1,13,2,2,4,3,18
1273,0,11,2,2,4,3,18
1274,2,19,19,8,4,6,18
1275,4,18,19,3,4,6,18
1276,7,16,19,8,4,6,18
1277,2,13,19,1,4,6,18
1278,4,18,19,4,4,6,18
1273,4,12,2,2,4,3,18
1279,2,16,17,8,4,6,18
1280,0,15,60,8,4,6,18
1281,2,12,11,8,4,9,18
1281,1,12,11,8,4,9,18
1282,1,6,11,1,4,9,18
1283,2,14,37,0,4,9,18
1282,2,6,11,1,4,9,18
1284,2,16,11,16,4,9,18
1283,1,15,37,0,4,9,18
1284,1,16,11,16,4,9,18
1284,9,16,11,16,4,9,18
1285,1,13,4,13,4,9,18
1285,2,17,4,13,4,9,18
1268,2,14,52,5,4,9,18
1286,2,13,2,2,4,3,18
1287,4,11,28,4,4,6,18
1288,1,13,11,8,4,4,18
1289,1,12,1,13,4,4,18
1290,11,6,25,1,4,9,18
1290,2,6,25,1,4,9,18
1291,4,13,80,4,4,6,18
1292,4,14,80,7,4,6,18
1293,1,17,123,8,4,4,18
1293,2,17,123,8,4,4,18
1294,2,18,16,1,4,6,18
1294,9,18,16,16,4,6,18
1295,2,18,16,2,4,6,18
1295,1,18,16,2,4,6,18
1296,7,13,19,9,4,3,18
1297,7,15,16,9,4,6,18
1289,2,12,1,13,4,4,18
1297,4,13,16,3,4,6,18
1298,4,18,16,7,4,6,18
1298,1,18,16,4,4,6,18
1299,7,17,16,4,4,6,18
1299,4,15,16,9,4,6,18
1300,3,18,16,0,4,6,18
1300,7,18,16,0,4,6,18
1301,2,15,10,0,4,6,18
1302,2,12,11,13,4,6,18
1303,2,15,3,3,4,6,18
1301,1,15,10,0,4,6,18
1304,1,18,67,3,4,9,18
1305,2,19,93,1,4,6,18
1288,2,13,11,8,4,4,18
1306,4,8,28,4,4,6,18
1246,2,11,31,16,4,6,18
1257,9,17,10,16,4,4,18
1307,2,18,4,3,4,3,18
1308,2,16,29,8,4,6,18
1309,2,12,29,5,4,6,18
1310,1,18,10,2,4,6,18
1310,2,18,10,2,4,6,18
1311,1,19,10,5,4,9,18
1311,2,19,10,5,4,9,18
1312,2,16,10,1,4,6,18
1313,2,14,30,8,4,9,18
1314,2,18,4,3,4,6,18
1307,1,18,4,2,4,3,18
1315,2,10,30,13,4,9,18
1316,0,15,80,3,4,10,18
1317,4,17,10,7,4,10,18
1318,2,14,5,0,4,9,18
1319,1,12,137,1,4,9,18
1319,2,11,137,1,4,9,18
1320,2,13,11,2,4,9,18
1321,7,9,28,4,4,9,18
1322,3,14,79,3,4,9,18
1316,4,15,80,9,4,10,18
1323,1,10,24,5,4,6,18
1324,7,11,37,3,4,6,18
1325,2,18,31,5,4,9,18
1325,1,17,31,5,4,9,18
1326,4,16,80,7,4,10,18
1308,1,16,29,8,4,6,18
1327,1,16,4,1,4,6,18
1328,0,12,29,0,4,6,18
1329,2,16,42,5,4,6,18
1330,4,14,11,4,4,6,18
1331,1,16,16,13,4,9,18
1331,2,16,16,13,4,9,18
1332,2,14,4,16,4,6,18
1332,1,14,4,15,4,6,18
1327,2,14,4,1,4,6,18
1333,2,13,17,13,4,9,18
1334,1,8,52,0,4,9,18
1334,2,8,52,0,4,9,18
1335,2,15,31,8,4,6,18
1335,1,15,31,8,4,6,18
1336,1,18,28,8,4,6,18
1336,2,18,28,8,4,6,18
1318,1,14,5,0,4,9,18
1337,2,9,64,8,4,6,18
1327,2,16,4,1,4,6,18
1338,11,10,14,1,4,10,18
1339,2,17,37,5,4,10,18
1327,9,14,4,1,4,6,18
1327,9,16,4,1,4,6,18
1327,1,14,4,1,4,6,18
1340,7,16,80,9,4,10,18
1338,2,10,14,13,4,10,18
1341,7,15,71,3,4,6,18
1329,1,16,42,5,4,6,18
1342,2,14,42,1,4,6,18
1323,2,10,24,5,4,6,18
1314,0,11,4,9,4,6,18
1343,2,18,123,5,4,4,18
1344,1,18,4,8,4,6,18
1345,2,17,4,5,4,6,18
1345,1,17,4,5,4,6,18
1346,2,18,4,8,4,6,18
1346,1,18,4,5,4,6,18
1347,1,19,123,13,4,6,18
1348,4,16,19,9,4,6,18
1344,2,18,4,0,4,6,18
1349,11,16,4,13,4,6,18
1343,1,18,123,5,4,4,18
1327,11,16,4,1,4,6,18
1350,2,16,123,16,4,6,18
1351,1,11,28,5,4,9,18
1350,1,16,123,16,4,6,18
1352,4,16,3,9,4,6,18
1351,2,11,28,5,4,9,18
1347,2,19,123,13,4,6,18
1353,2,15,16,13,4,9,18
1352,1,16,3,9,4,6,18
1350,9,16,123,16,4,6,18
1354,11,18,4,13,4,6,18
1353,1,15,16,13,4,9,18
645,1,13,10,19,4,5,18
645,2,13,138,13,4,9,18
1355,4,9,5,4,4,6,18
1354,1,18,4,13,4,6,18
1356,2,14,28,0,4,9,18
1354,2,18,4,13,4,6,18
1357,2,16,16,3,4,9,18
1358,2,13,123,5,4,6,18
1358,1,13,123,5,4,6,18
1359,4,17,10,7,0,11,3
1360,4,17,2,10,0,11,3
1361,4,10,25,9,0,1,3
1362,3,9,17,2,0,3,3
1363,4,13,25,10,0,2,3
1364,3,16,15,4,0,11,3
1365,3,11,9,8,0,6,3
1366,0,18,15,0,0,1,3
1367,11,14,15,13,0,1,3
1368,4,11,139,2,0,11,3
1369,3,16,15,4,0,8,3
1370,3,5,17,9,0,6,3
1371,0,8,4,2,0,2,3
1372,6,8,48,7,0,11,3
1373,1,12,28,3,0,6,3
1374,0,7,4,8,0,11,3
1375,3,14,3,3,0,7,3
1373,7,10,28,3,0,6,3
1373,3,4,28,3,0,6,3
1376,0,10,42,5,0,11,3
1373,3,10,28,3,0,6,3
1373,6,12,28,3,0,6,3
1377,6,14,17,7,0,0,3
1378,6,7,140,6,0,6,3
1379,11,16,15,13,0,0,3
1376,2,10,42,5,0,11,3
1361,3,12,25,9,0,1,3
1373,2,12,28,3,0,6,3
1373,0,12,28,3,0,6,3
1380,6,16,17,10,0,4,3
1381,4,11,117,10,0,1,3
1382,0,14,16,8,0,11,3
1383,0,9,21,8,0,11,3
1381,6,10,117,10,0,1,3
1384,4,17,10,6,0,11,3
1385,4,16,10,12,0,11,3
1386,0,15,15,0,0,11,3
1387,0,8,15,2,0,0,3
1388,0,11,16,5,0,0,3
1389,6,14,17,11,0,0,3
1390,0,11,15,8,0,0,3
1391,6,8,4,4,0,1,3
1392,1,15,67,6,0,5,3
1393,0,8,17,9,0,8,3
1394,1,13,96,5,0,8,3
1395,0,12,34,2,0,8,3
1396,4,15,75,12,0,2,3
1397,1,14,67,7,0,5,3
1398,3,10,28,2,0,5,3
1399,3,14,27,7,0,7,3
1365,0,14,9,8,0,6,3
1400,3,11,3,3,0,8,3
1401,11,14,15,1,0,0,3
1368,3,4,141,2,0,11,3
1402,2,9,10,2,0,11,3
1403,6,14,33,10,0,7,3
1404,3,5,28,4,0,5,3
1405,0,5,142,3,0,6,3
1368,0,12,141,2,0,11,3
1406,3,12,17,3,0,5,3
1407,4,15,10,7,0,11,3
1408,1,13,10,3,0,8,3
1409,5,17,80,20,0,2,3
1410,3,11,50,2,0,7,3
1411,4,15,11,10,0,11,3
1412,6,13,17,6,0,4,3
1400,0,13,34,2,0,8,3
1413,0,12,15,9,0,0,3
1414,1,14,72,11,0,5,3
1415,3,12,50,2,0,7,3
1416,4,16,19,10,0,2,3
1417,12,16,15,20,0,5,3
1418,7,10,25,9,0,1,3
1419,4,14,11,11,0,5,3
1420,7,14,28,9,0,5,3
1420,3,14,28,9,0,5,3
1421,0,16,28,8,0,5,3
1422,3,6,21,2,0,11,3
1423,7,14,14,2,0,1,3
1424,7,15,12,8,0,1,3
1425,3,13,3,3,0,7,3
1426,3,12,82,2,0,6,3
1427,7,13,19,4,0,11,3
1428,4,18,17,6,0,11,3
1429,6,12,143,6,0,1,3
1430,3,5,28,7,0,0,3
1431,4,6,25,0,0,2,3
1432,7,9,19,9,0,11,3
1433,0,14,17,0,0,11,3
1433,4,15,17,2,0,11,3
1433,2,15,17,2,0,11,3
1434,2,13,11,3,0,11,3
1435,5,15,15,23,0,8,3
1436,10,18,15,24,0,8,3
1437,7,12,11,4,0,11,3
1438,7,12,60,9,0,8,3
1439,3,14,28,8,0,7,3
1440,3,7,28,0,0,8,3
1439,0,12,28,8,0,7,3
1441,3,17,15,3,0,7,3
1442,4,13,33,7,0,5,3
1443,3,16,15,0,0,7,3
1444,6,12,75,6,0,1,3
1445,6,11,4,10,0,5,3
1446,6,15,15,7,0,4,3
1447,5,14,15,12,0,5,3
1448,3,16,15,2,0,4,3
1449,5,12,15,20,0,5,3
1450,3,13,15,4,0,4,3
1451,2,7,19,5,0,1,3
1452,0,13,15,0,0,3,3
1453,3,14,15,7,0,7,3
1454,3,12,3,3,0,8,3
1455,1,4,3,0,0,8,3
1456,11,14,15,15,0,1,3
1457,7,11,144,9,0,9,3
1458,0,6,79,3,0,11,3
1459,6,3,2,4,0,1,3
1460,7,12,27,4,0,4,3
1461,4,9,28,7,0,6,3
1462,9,14,10,16,0,9,3
1463,1,14,145,0,0,5,3
1373,4,12,28,3,0,6,3
1463,2,15,145,5,0,5,3
1463,3,13,133,5,0,5,3
1464,6,14,4,6,0,6,3
1465,4,14,25,7,0,1,3
1466,6,17,28,6,0,1,3
1467,6,18,4,11,0,6,3
1467,4,19,4,11,0,6,3
1445,1,14,63,6,0,5,3
1465,6,13,25,11,0,1,3
1468,4,12,19,0,0,2,3
1469,4,10,25,10,0,10,3
1470,3,14,9,0,0,6,3
1471,7,11,17,8,0,5,3
1472,4,12,17,7,0,0,3
1473,4,11,11,9,0,2,3
1474,12,14,17,12,0,0,3
1475,6,13,17,6,0,5,3
1476,8,14,6,5,0,6,3
1477,7,12,17,9,0,5,3
1478,3,15,31,2,0,7,3
1479,8,12,31,5,0,7,3
1480,3,15,15,3,0,7,3
1481,0,15,71,3,0,7,3
1481,7,15,71,3,0,7,3
1481,3,15,71,3,0,7,3
1482,3,13,71,0,0,7,3
1483,7,14,17,3,0,5,3
1484,7,10,17,2,0,5,3
1485,4,15,85,11,0,9,3
1486,4,15,16,6,0,6,3
1487,6,8,48,7,0,9,3
1377,6,13,17,7,0,0,3
1488,7,14,60,3,0,5,3
1489,6,14,28,11,0,1,3
1490,3,11,17,0,0,3,3
1491,7,16,19,4,0,2,3
1468,7,15,19,3,0,2,3
1374,2,8,4,8,0,11,3
1418,3,8,25,9,0,1,3
1492,11,13,4,13,0,6,3
1493,3,17,29,4,0,3,3
1494,6,14,15,7,0,1,3
1495,8,13,15,16,0,1,3
1496,6,11,25,6,0,6,3
1497,5,18,15,12,0,6,3
1498,4,9,33,6,0,2,3
1499,1,18,146,2,0,7,3
1500,5,14,80,14,0,2,3
1501,4,14,107,7,0,11,3
1502,5,11,80,14,0,6,3
1503,8,15,15,13,0,4,3
1504,5,15,15,12,0,4,3
1505,0,14,15,9,0,11,3
1506,3,14,30,4,0,1,3
1507,3,15,30,4,0,7,3
1508,4,12,30,4,0,1,3
1508,7,9,30,4,0,1,3
1509,4,14,30,10,0,6,3
1510,4,11,30,9,0,2,3
1511,4,14,33,6,0,2,3
1512,4,14,33,11,0,2,3
1513,3,10,17,9,0,6,3
1514,0,17,15,3,0,11,3
1515,0,4,48,0,0,2,3
1515,3,5,48,0,0,2,3
1516,3,15,15,4,0,1,3
1517,3,5,25,3,0,8,3
1518,2,16,9,2,0,2,3
1519,3,16,15,9,0,1,3
1520,12,15,15,12,0,4,3
1521,5,16,15,22,0,1,3
1522,4,15,19,4,0,9,3
1523,7,15,4,2,0,11,3
1524,6,11,4,4,0,1,3
1525,4,8,10,2,0,11,3
1525,2,15,10,2,0,11,3
1526,0,15,10,0,0,11,3
1527,7,14,29,9,0,10,3
1528,6,16,29,10,0,10,3
1529,8,15,15,16,0,8,3
1526,2,15,10,0,0,11,3
1530,0,16,10,8,0,11,3
1531,4,14,19,10,0,6,3
1532,2,13,10,1,0,11,3
1533,4,15,10,6,0,11,3
1534,2,10,19,8,0,0,3
1535,4,15,10,10,0,11,3
1536,4,15,10,10,0,11,3
1537,6,12,10,11,0,11,3
1537,4,17,10,11,0,11,3
1538,4,17,10,7,0,11,3
1538,1,17,10,7,0,11,3
1539,6,12,4,10,0,11,3
1540,3,14,10,3,0,11,3
1541,4,13,46,6,0,2,3
1542,4,14,25,10,0,11,3
1540,4,13,10,3,0,11,3
1543,6,13,28,11,0,2,3
1544,8,12,74,5,0,7,3
1543,4,11,10,6,0,2,3
1545,0,4,147,0,0,3,3
1546,4,12,2,10,0,2,3
1546,6,15,2,11,0,2,3
1547,4,11,19,4,0,1,3
1548,6,14,25,10,0,1,3
1549,3,13,10,3,0,8,3
1550,1,15,10,20,0,5,3
1551,3,12,10,7,0,11,3
1552,7,15,10,4,0,11,3
1552,4,16,10,4,0,11,3
1553,2,14,10,9,0,11,3
1553,4,14,10,9,0,11,3
1553,7,15,10,9,0,11,3
1540,2,15,10,3,0,11,3
1540,0,13,10,3,0,11,3
1540,7,14,10,3,0,11,3
1554,7,9,17,4,0,2,3
1555,5,16,15,23,0,6,3
1556,3,9,37,9,0,1,3
1251,1,18,3,23,0,6,3
1557,6,15,5,6,0,1,3
1558,6,12,5,7,0,6,3
1559,4,13,49,10,0,1,3
1560,4,11,5,7,0,1,3
1561,4,8,19,4,0,6,3
1562,4,13,80,6,0,2,3
1563,4,12,88,6,0,8,3
1564,4,11,28,4,0,2,3
1565,0,8,74,8,0,11,3
1566,0,8,74,0,0,11,3
1567,0,7,17,2,0,11,3
1568,3,10,4,8,0,11,3
1569,6,10,28,6,0,6,3
1570,4,15,16,4,0,11,3
1571,3,11,16,9,0,11,3
1572,3,16,71,2,0,6,3
1572,2,17,16,2,0,6,3
1573,4,14,16,9,0,11,3
1574,4,14,25,7,0,6,3
1575,6,15,5,10,0,1,3
1576,6,15,49,11,0,1,3
1577,3,4,25,5,0,0,3
1578,6,16,116,11,0,2,3
1579,8,15,15,1,0,8,3
1580,4,15,25,10,0,8,3
1581,0,12,25,8,0,11,3
1581,2,12,25,8,0,11,3
1582,6,11,25,4,0,11,3
1582,3,15,25,4,0,11,3
1583,3,14,25,9,0,11,3
1584,3,10,25,2,0,11,3
1585,6,15,25,6,0,11,3
1586,6,14,5,10,0,6,3
1587,6,16,25,10,0,11,3
1588,6,15,25,10,0,11,3
1588,4,17,25,10,0,11,3
1589,6,14,25,7,0,11,3
1589,4,17,25,7,0,11,3
1590,4,15,10,6,0,11,3
1590,6,16,10,10,0,11,3
1591,0,15,10,3,0,11,3
1592,4,18,10,12,0,11,3
1592,2,17,10,13,0,11,3
1587,4,16,25,6,0,11,3
1593,6,11,16,9,0,7,3
1594,3,3,101,3,0,7,3
1595,6,9,2,10,0,1,3
1596,4,19,30,9,0,4,3
1596,4,18,30,9,0,4,3
1597,0,9,4,3,0,3,3
1598,4,13,28,11,0,1,3
1599,4,14,28,7,0,1,3
1599,6,11,28,7,0,1,3
1600,3,11,28,4,0,1,3
1600,6,9,28,4,0,1,3
1601,4,12,55,9,0,0,3
1602,6,7,148,6,0,1,3
1603,1,17,114,7,0,3,3
1604,1,17,149,10,0,6,3
1604,3,15,0,2,0,6,3
1605,6,18,15,11,0,4,3
1606,8,15,15,13,0,1,3
1607,2,14,150,0,0,2,3
1608,3,6,10,9,0,6,3
1609,4,10,2,10,0,6,3
1610,4,7,25,6,0,2,3
1611,7,18,30,3,0,4,3
1611,4,18,30,10,0,4,3
1597,4,9,4,3,0,3,3
1612,10,18,30,17,0,4,3
1613,6,9,17,7,0,6,3
1614,12,11,15,25,0,11,3
1613,4,7,17,7,0,6,3
1615,7,15,2,3,0,2,3
1616,12,19,15,25,0,7,3
1617,3,17,15,9,0,7,3
1618,12,17,15,20,0,7,3
1619,0,12,15,8,0,7,3
1619,3,12,15,8,0,7,3
1620,4,14,151,10,0,2,3
1621,4,11,28,10,0,7,3
1622,4,11,28,9,0,6,3
1623,4,12,2,10,0,2,3
1624,4,14,4,6,0,1,3
1625,6,15,25,10,0,6,3
1626,3,13,30,9,0,8,3
1627,4,17,30,4,0,4,3
1627,8,16,30,5,0,4,3
1628,4,18,30,7,0,4,3
1612,6,14,15,11,0,4,3
1621,6,15,28,6,0,7,3
1574,3,9,25,7,0,6,3
1629,0,13,60,3,0,11,3
1630,12,14,15,26,0,2,3
1631,0,19,15,3,0,1,3
1632,6,15,15,7,0,0,3
1633,6,15,15,6,0,1,3
1634,5,19,15,23,0,1,3
1635,6,16,25,11,0,7,3
1636,11,17,15,1,0,1,3
1637,8,16,15,5,0,1,3
1638,4,11,2,9,0,10,3
1639,1,16,1,5,0,3,3
1640,6,11,108,10,0,1,3
1641,4,14,33,12,0,7,3
1641,6,12,4,6,0,7,3
1642,10,16,74,23,0,7,3
1643,3,5,34,4,0,11,3
1644,4,14,28,12,0,4,3
1645,2,9,81,5,0,11,3
1645,0,9,81,5,0,11,3
1646,4,11,24,2,0,11,3
1647,4,15,17,9,0,4,3
1648,0,19,15,8,0,1,3
1649,11,19,15,1,0,6,3
1650,6,17,15,7,0,6,3
1651,12,18,15,6,0,3,3
1652,3,17,15,4,0,1,3
1653,0,17,15,3,0,1,3
1654,4,14,11,4,0,0,3
1655,4,8,11,9,0,1,3
1655,7,8,11,9,0,1,3
1656,8,11,11,5,0,6,3
1657,3,12,11,4,0,0,3
1658,0,12,11,8,0,6,3
1659,10,19,15,21,0,6,3
1660,5,16,15,14,0,10,3
1661,7,13,30,7,0,4,3
1662,12,18,15,19,0,6,3
1663,12,18,15,20,0,3,3
1664,5,19,15,12,0,6,3
1665,8,19,15,5,0,6,3
1665,5,18,15,20,0,6,3
1666,12,18,15,6,0,6,3
1667,10,18,15,24,0,1,3
1668,12,17,15,19,0,3,3
1669,10,18,15,19,0,2,3
1667,6,17,15,6,0,1,3
1670,4,17,19,10,0,1,3
1574,7,10,25,4,0,6,3
1671,6,15,25,6,0,6,3
1672,3,14,15,8,0,3,3
1673,4,14,14,10,0,5,3
1674,1,16,2,7,0,5,3
1674,1,14,2,7,0,5,3
1675,1,13,2,10,0,5,3
1676,4,15,152,10,0,10,3
1677,4,8,11,9,0,11,3
1678,0,5,142,3,0,1,3
1679,6,16,2,10,0,11,3
1680,0,14,11,0,0,11,3
1680,2,14,11,0,0,11,3
1681,7,16,11,3,0,11,3
1682,2,16,54,2,0,0,3
1681,1,16,11,3,0,11,3
1682,0,16,54,2,0,0,3
1682,4,16,54,2,0,0,3
1683,6,5,140,10,0,9,3
1681,2,16,11,3,0,11,3
1684,4,13,140,10,0,9,3
1685,3,11,50,2,0,7,3
1686,4,1,65,10,0,2,3
1687,4,12,10,9,0,11,3
1688,9,7,153,15,0,11,3
1689,4,12,11,10,0,11,3
1690,4,7,65,10,0,2,3
1691,0,8,86,0,0,5,3
1692,4,13,33,11,0,1,3
1693,3,5,154,3,0,3,3
1694,3,13,37,0,0,7,3
1695,6,3,48,4,0,0,3
1696,6,6,28,7,0,6,3
1697,4,12,150,4,0,2,3
1698,2,14,150,8,0,2,3
1699,2,14,150,5,0,2,3
1700,3,14,60,4,0,11,3
1701,6,8,4,10,0,11,3
1702,0,7,41,3,0,3,3
1702,3,6,41,2,0,3,3
1703,7,13,29,9,0,6,3
1704,4,12,10,6,0,2,3
1705,2,11,21,5,0,11,3
1706,4,13,10,4,0,11,3
1707,4,13,10,3,0,11,3
1708,1,12,11,5,0,11,3
1708,2,12,11,5,0,11,3
1709,6,15,88,10,0,5,3
1710,4,15,10,4,0,7,3
1711,4,10,101,10,0,11,3
1712,4,10,17,10,0,2,3
1713,0,15,15,3,0,11,3
1714,0,16,15,0,0,11,3
1715,4,16,80,10,0,11,3
1716,3,9,86,2,0,0,3
1717,3,12,4,2,0,11,3
1718,3,12,4,3,0,11,3
1719,4,16,80,12,0,10,3
1720,5,17,80,14,0,11,3
1721,5,15,33,14,0,2,3
1722,4,13,33,12,0,2,3
1723,1,12,4,9,0,0,3
1723,3,12,4,3,0,0,3
1724,4,18,4,11,0,1,3
1724,1,18,4,11,0,1,3
1725,6,17,4,11,0,1,3
1726,5,18,4,14,0,1,3
1727,0,8,21,2,0,8,3
1728,4,8,155,6,0,3,3
1729,12,18,15,22,0,1,3
1730,6,18,15,6,0,1,3
1731,7,11,21,9,0,4,3
1732,1,19,156,22,0,3,3
1733,7,10,28,2,0,1,3
1733,1,13,28,2,0,1,3
1733,4,13,28,2,0,1,3
1734,3,9,25,5,0,8,3
1735,0,7,28,5,0,0,3
1735,2,7,28,5,0,0,3
1735,3,7,28,5,0,0,3
1736,6,14,25,6,0,11,3
1737,4,15,30,12,0,6,3
1738,2,15,30,9,0,2,3
1739,7,10,19,9,0,2,3
1740,7,15,19,7,0,2,3
1741,1,12,20,7,0,2,3
1742,4,11,2,11,0,11,3
1743,6,18,15,9,0,0,3
1744,3,17,15,2,0,0,3
1745,4,10,19,6,0,9,3
1746,12,17,15,12,0,1,3
1747,3,10,30,7,0,2,3
1736,4,16,52,6,0,11,3
1748,0,13,4,8,0,11,3
1748,2,13,4,8,0,11,3
12,2,12,10,0,0,0,3
1749,3,14,11,4,0,1,3
1750,4,9,11,2,0,2,3
1751,4,10,11,9,0,2,3
1752,4,14,11,11,0,1,3
12,0,12,10,0,0,0,3
1753,8,12,11,18,0,1,3
1754,6,15,28,7,0,1,3
1755,6,17,11,10,0,1,3
1756,2,16,11,8,0,2,3
1756,0,16,11,8,0,2,3
1756,3,14,11,8,0,2,3
1757,4,14,55,2,0,7,3
1757,7,14,55,2,0,7,3
1758,6,8,48,7,0,2,3
1759,7,14,30,3,0,11,3
1760,4,13,85,11,0,2,3
1761,4,16,19,10,0,1,3
1762,4,17,19,4,0,1,3
12,4,12,10,0,0,0,3
1763,4,14,157,10,0,6,3
1764,9,17,4,16,0,2,3
1764,1,17,4,16,0,2,3
1765,0,7,4,2,0,0,3
1765,4,7,4,2,0,0,3
1765,1,7,4,2,0,0,3
1766,3,9,2,9,0,6,3
1767,3,12,21,9,0,3,3
1768,5,17,25,12,0,6,3
1769,3,10,15,2,0,8,3
1770,0,12,37,2,0,2,3
1770,3,12,37,2,0,2,3
1771,4,17,19,7,0,1,3
1770,4,12,37,2,0,2,3
1772,3,3,60,4,0,9,3
1773,6,13,25,10,0,9,3
1774,3,7,80,3,0,7,3
1775,2,13,1,16,0,11,3
1776,4,16,19,9,0,2,3
1777,3,6,34,2,0,8,3
1778,0,6,9,0,0,0,3
1779,0,15,1,8,0,2,3
1780,3,15,1,2,0,2,3
1781,4,10,33,11,0,2,3
1782,6,9,2,4,0,1,3
1783,4,15,10,10,0,2,3
1784,1,15,25,5,0,6,3
1785,3,6,25,4,0,6,3
1785,6,4,25,4,0,6,3
1786,4,16,10,10,0,2,3
1787,0,11,9,2,0,0,3
1787,3,12,9,2,0,0,3
1788,11,18,158,15,0,1,3
1788,8,18,158,15,0,1,3
1789,1,11,159,3,0,8,3
1790,1,8,18,8,0,8,3
1791,6,16,28,11,0,4,3
1792,6,15,2,10,0,4,3
1793,6,16,28,7,0,4,3
1794,1,16,4,11,0,3,3
1795,6,17,2,10,0,2,3
1796,0,5,4,2,0,11,3
1797,0,15,4,0,0,11,3
1798,0,16,4,2,0,11,3
1523,3,12,4,2,0,11,3
1523,4,16,4,2,0,11,3
1785,4,9,25,4,0,6,3
1799,4,12,25,7,0,1,3
1800,7,9,25,3,0,6,3
1800,4,9,25,3,0,6,3
1784,8,13,25,5,0,6,3
1801,4,15,19,12,0,8,3
39,4,14,19,7,0,0,3
1802,11,12,15,13,0,0,3
1803,3,12,10,3,0,8,3
1804,1,18,10,11,0,8,3
1805,6,11,48,11,0,8,3
1805,1,17,160,19,0,8,3
1806,10,17,15,26,0,8,3
1784,2,15,25,5,0,6,3
1807,3,11,10,0,0,8,3
1808,4,13,17,12,0,9,3
1808,6,14,17,10,0,9,3
1809,6,13,10,7,0,1,3
1810,1,6,2,9,0,5,3
0,0,12,0,0,0,0,3
1811,0,8,28,5,0,0,3
1812,7,11,10,3,0,11,3
1813,1,12,16,9,0,8,3
1800,0,9,25,3,0,6,3
1814,4,12,148,12,0,9,3
1815,3,17,15,9,0,1,3
1816,3,11,25,4,0,1,3
1817,0,11,34,5,0,11,3
1818,1,8,55,4,0,6,3
1819,3,13,30,8,0,3,3
1820,3,11,55,2,0,7,3
1821,6,13,2,6,0,5,3
1822,6,6,25,9,0,6,3
1823,1,15,18,5,0,8,3
1824,8,16,11,15,0,0,3
1825,8,16,161,13,0,6,3
1826,0,14,60,2,0,8,3
1827,0,11,60,2,0,8,3
1828,6,15,10,7,0,6,3
1828,1,15,10,7,0,6,3
1829,1,16,1,8,0,8,3
1830,4,11,16,6,0,8,3
1831,11,12,15,1,0,1,3
1832,6,16,10,10,0,6,3
1833,1,16,52,0,0,2,3
1833,7,9,19,0,0,2,3
1833,3,12,52,0,0,2,3
1833,0,12,52,0,0,2,3
1833,2,16,52,0,0,2,3
1834,1,18,52,7,0,2,3
1834,4,18,52,11,0,2,3
1835,6,15,52,10,0,2,3
1836,6,15,10,6,0,6,3
1836,4,13,10,11,0,6,3
1837,4,13,10,11,0,11,3
1837,6,13,10,11,0,11,3
1838,1,15,52,7,0,2,3
1839,5,12,88,12,0,4,3
1840,3,1,48,9,0,11,3
1841,4,15,3,10,0,3,3
1842,7,11,3,9,0,4,3
1843,6,15,4,10,0,0,3
1844,1,17,162,6,0,8,3
1845,4,17,19,6,0,6,3
1846,4,12,19,11,0,1,3
1847,0,6,82,0,0,6,3
1848,3,10,13,2,0,8,3
1849,0,5,48,3,0,6,3
1849,3,4,48,3,0,6,3
1850,1,12,100,2,0,5,3
1851,0,7,28,8,0,2,3
1851,3,11,28,8,0,2,3
1852,6,9,28,7,0,2,3
1853,6,13,28,6,0,2,3
1854,4,6,25,3,0,2,3
1855,6,3,48,4,0,3,3
1854,0,6,25,3,0,2,3
1854,3,7,25,3,0,2,3
1856,6,14,108,6,0,6,3
1857,3,10,42,2,0,8,3
1858,3,9,163,3,0,8,3
1858,3,10,163,3,0,8,3
1859,3,10,17,9,0,7,3
1860,3,8,34,3,0,0,3
1861,3,6,9,2,0,0,3
1862,0,9,9,3,0,0,3
1863,3,9,164,0,0,3,3
1863,0,8,164,0,0,3,3
1864,3,7,165,8,0,7,3
1865,4,10,148,6,0,9,3
1842,3,5,3,9,0,4,3
1866,7,11,82,3,0,0,3
1867,4,12,112,6,0,11,3
1868,3,4,80,9,0,6,3
1869,7,14,65,4,0,0,3
1869,0,15,166,9,0,0,3
1870,3,13,21,5,0,8,3
1871,3,12,21,8,0,8,3
1872,4,9,140,7,0,2,3
1873,6,18,15,10,0,4,3
1874,6,12,4,10,0,11,3
1875,6,9,2,10,0,10,3
1876,1,14,68,0,0,3,3
1877,7,13,19,4,0,7,3
1877,7,14,19,4,0,7,3
1878,7,13,10,8,0,11,3
1879,5,12,167,20,0,1,3
1880,7,14,14,9,0,0,3
1881,4,15,28,6,0,0,3
1882,4,13,75,6,0,9,3
1883,1,14,24,0,0,3,3
1884,2,11,150,8,0,11,3
1878,0,13,10,8,0,11,3
1884,0,11,150,8,0,11,3
1885,6,6,30,9,0,6,3
1885,4,10,30,9,0,6,3
1886,0,5,27,2,0,1,3
1886,3,9,27,2,0,1,3
1887,3,15,5,3,0,9,3
1887,0,15,5,3,0,9,3
1888,2,8,19,9,0,6,3
1889,6,14,48,10,0,6,3
1878,2,16,10,8,0,11,3
1890,6,14,17,6,0,9,3
1891,7,13,17,9,0,9,3
1892,4,16,17,7,0,9,3
1893,4,8,21,7,0,4,3
1868,0,10,80,9,0,6,3
1894,3,11,9,3,0,6,3
1895,3,5,9,9,0,6,3
1896,12,13,15,6,0,4,3
1897,6,13,15,10,0,6,3
1898,6,11,15,7,0,11,3
1899,3,10,4,9,0,6,3
1900,3,7,15,3,0,0,3
1901,4,17,52,10,0,2,3
1902,2,18,25,3,0,0,3
1902,0,18,25,3,0,0,3
1902,1,16,168,3,0,0,3
1903,4,17,169,9,0,0,3
1904,3,15,25,2,0,0,3
1843,4,15,4,11,0,0,3
1905,4,18,169,4,0,0,3
1906,0,8,4,9,0,2,3
1907,1,16,2,4,0,2,3
1908,6,15,28,6,0,2,3
1909,6,11,28,6,0,2,3
1910,7,14,4,4,0,2,3
1911,8,3,4,5,0,5,3
1912,3,12,60,9,0,4,3
1913,4,16,4,10,0,4,3
1914,4,15,2,10,0,2,3
1915,2,15,10,13,0,11,3
1916,3,13,21,9,0,8,3
1917,2,14,19,1,0,2,3
1918,2,14,19,8,0,2,3
1919,3,13,21,0,0,8,3
1920,0,9,17,8,0,2,3
1921,4,9,38,4,0,3,3
1921,6,13,38,4,0,3,3
1922,1,16,68,0,0,6,3
1923,4,9,108,7,0,6,3
1924,3,7,16,2,0,0,3
1925,0,14,15,9,0,7,3
1926,6,15,17,6,0,2,3
1927,6,3,17,10,0,0,3
1928,4,15,10,10,0,11,3
1929,4,14,10,6,0,10,3
1930,5,12,10,14,0,10,3
1931,3,18,61,2,0,4,3
1924,0,8,16,3,0,0,3
1931,7,15,70,8,0,4,3
1932,9,10,93,1,0,1,3
1933,4,16,19,6,0,1,3
1934,6,16,117,6,0,1,3
1935,0,15,30,2,0,1,3
1936,12,17,15,19,0,0,3
1937,8,7,16,5,0,0,3
1938,10,17,15,23,0,1,3
1939,2,8,19,5,0,0,3
1940,10,16,15,22,0,1,3
1941,12,17,15,17,0,1,3
1942,12,16,15,17,0,7,3
1943,3,16,15,2,0,1,3
1944,0,9,28,9,0,2,3
1944,3,10,28,9,0,2,3
1945,3,17,15,5,0,1,3
1946,5,14,15,12,0,1,3
1944,7,9,28,9,0,2,3
1947,3,15,15,4,0,1,3
1948,11,14,15,16,0,7,3
1949,3,8,34,3,0,7,3
1950,6,6,34,6,0,0,3
1951,0,8,25,5,0,0,3
1952,3,6,48,9,0,3,3
1953,0,8,28,3,0,8,3
1953,4,8,28,3,0,8,3
1954,4,8,5,2,0,1,3
1954,0,8,5,2,0,1,3
1955,10,17,170,21,0,4,3
1955,6,14,4,6,0,4,3
1956,6,9,28,10,0,1,3
1957,7,12,29,4,0,4,3
1958,3,10,4,3,0,8,3
1959,4,14,28,10,0,0,3
1960,1,15,3,11,0,11,3
1961,1,15,3,0,0,11,3
1959,6,6,28,10,0,0,3
1944,4,12,28,9,0,2,3
1962,2,7,21,8,0,11,3
1963,3,10,60,3,0,7,3
1964,7,10,60,9,0,7,3
1965,3,12,2,4,0,7,3
1966,4,15,33,6,0,2,3
1967,4,16,33,10,0,2,3
1968,4,17,10,7,0,2,3
1969,4,12,5,9,0,1,3
1970,4,9,19,9,0,0,3
1969,3,12,5,9,0,1,3
1969,0,12,5,9,0,1,3
1969,6,11,5,9,0,1,3
1969,6,10,5,9,0,1,3
1971,4,12,55,12,0,7,3
1972,3,8,28,5,0,6,3
1973,7,17,12,0,0,4,3
1974,3,6,48,2,0,1,3
1975,0,10,15,8,0,1,3
1975,0,15,15,8,0,1,3
1976,6,7,10,7,0,6,3
1977,1,14,171,5,0,11,3
1978,2,9,36,8,0,11,3
1979,0,10,74,2,0,8,3
1980,6,12,28,6,0,1,3
1981,3,12,172,5,0,7,3
1982,3,11,173,13,0,7,3
1983,3,9,60,2,0,7,3
1983,3,9,60,2,0,7,3
1984,4,14,3,6,0,2,3
1985,5,17,15,14,0,9,3
1986,0,5,2,3,0,0,3
1986,3,5,2,3,0,0,3
1976,4,6,10,7,0,6,3
291,4,18,19,7,0,1,3
1987,3,8,4,9,0,8,3
1987,6,6,4,4,0,8,3
1988,3,12,4,3,0,8,3
1989,4,16,4,6,0,4,3
1990,3,15,60,8,0,7,3
1991,4,8,10,10,0,6,3
1992,4,9,79,2,0,2,3
1993,6,14,28,6,0,9,3
1994,4,9,65,11,0,0,3
1995,3,14,4,2,0,0,3
1995,3,5,4,2,0,0,3
1996,3,13,15,4,0,0,3
1996,3,11,15,4,0,0,3
1997,0,8,10,3,0,0,3
1998,0,8,25,2,0,11,3
1999,6,14,17,6,0,3,3
2000,6,14,17,6,0,8,3
2001,0,10,4,0,0,0,3
2002,4,18,31,4,0,4,3
2003,6,15,31,7,0,4,3
2004,4,5,85,6,0,4,3
2005,7,9,9,5,0,2,3
2006,8,17,15,13,0,6,3
2007,4,15,4,12,0,10,3
2008,4,16,25,10,0,11,3
2009,2,14,30,0,0,7,3
2010,4,12,100,4,0,1,3
2011,6,13,88,6,0,1,3
2005,3,6,9,5,0,2,3
2012,0,15,4,13,0,0,3
2005,0,13,9,5,0,2,3
2005,2,14,9,5,0,2,3
1944,6,7,28,9,0,2,3
2013,3,8,50,9,0,6,3
2012,11,15,4,13,0,0,3
2014,0,15,4,5,0,0,3
2014,2,15,4,5,0,0,3
2015,9,15,4,16,0,0,3
2015,11,15,4,16,0,0,3
2016,6,14,149,10,0,3,3
2017,4,12,140,6,0,1,3
2018,3,18,17,4,0,1,3
2019,5,13,17,14,0,1,3
2015,0,15,4,16,0,0,3
2020,11,15,4,1,0,0,3
2020,9,16,4,1,0,0,3
2021,0,14,4,8,0,0,3
2022,0,12,4,13,0,0,3
2012,2,15,4,13,0,0,3
2023,8,17,15,13,0,8,3
2024,2,13,10,16,0,11,3
2025,11,4,37,13,0,6,3
2026,3,10,2,2,0,8,3
2027,1,13,95,2,0,8,3
2028,8,15,70,1,0,4,3
2029,4,3,52,9,0,6,3
2030,3,15,15,3,0,4,3
2031,6,11,17,6,0,11,3
2031,4,12,17,6,0,11,3
2032,4,16,11,11,0,11,3
2033,4,16,38,7,0,11,3
2034,4,17,11,11,0,11,3
2035,4,16,11,7,0,11,3
2036,4,16,11,11,0,11,3
2037,4,15,38,7,0,11,3
2038,4,11,17,10,0,11,3
2039,4,13,17,12,0,11,3
2040,4,7,17,10,0,11,3
2041,6,12,17,6,0,11,3
2042,4,11,17,12,0,4,3
2043,0,13,17,3,0,8,3
2044,0,14,15,3,0,3,3
2045,3,15,17,2,0,4,3
2046,3,13,17,2,0,3,3
2047,0,13,17,9,0,6,3
2048,3,15,15,4,0,0,3
2049,6,14,33,6,0,11,3
2049,4,14,33,6,0,11,3
2050,0,16,28,2,0,1,3
2051,6,12,80,4,0,1,3
2052,4,16,19,10,0,3,3
2053,7,13,9,9,0,9,3
2054,3,7,163,0,0,0,3
2055,7,16,19,3,0,11,3
2056,7,10,71,3,0,7,3
2057,1,16,52,13,0,2,3
2058,2,16,52,5,0,2,3
2058,1,17,52,5,0,2,3
2058,8,15,52,5,0,2,3
2059,7,9,5,4,0,2,3
2059,4,14,5,4,0,2,3
2060,3,11,24,2,0,7,3
2061,2,17,52,8,0,2,3
2061,1,17,52,8,0,2,3
2062,0,16,52,0,0,2,3
2062,7,14,52,0,0,2,3
2063,6,14,87,10,0,2,3
2064,4,17,10,6,0,2,3
2065,5,16,15,20,0,2,3
2066,4,15,33,6,0,2,3
2067,6,16,15,6,0,2,3
2068,6,10,28,11,0,2,3
2069,6,17,15,11,0,2,3
2070,10,17,15,24,0,2,3
2071,0,3,80,3,0,2,3
2072,6,14,34,6,0,6,3
2073,4,14,19,4,0,11,3
2074,4,14,19,11,0,0,3
2075,4,13,19,7,0,11,3
2076,2,15,19,0,0,8,3
2076,2,11,19,0,0,8,3
2076,2,15,19,0,0,8,3
2076,7,9,19,8,0,8,3
2077,8,13,11,13,0,1,3
2078,5,16,15,12,0,2,3
2079,6,13,5,10,0,1,3
2080,6,14,75,6,0,1,3
2081,2,9,10,8,0,11,3
2082,6,17,15,7,0,1,3
2083,11,16,15,16,0,1,3
2084,6,17,15,11,0,1,3
2084,10,19,15,21,0,1,3
2084,12,17,15,12,0,1,3
2085,4,12,4,10,0,1,3
2086,6,10,4,7,0,8,3
2086,3,10,4,9,0,8,3
2087,4,14,19,11,0,3,3
2088,6,14,15,4,0,1,3
2089,2,17,25,0,0,0,3
2089,0,17,25,0,0,0,3
2089,4,17,25,0,0,0,3
2090,6,4,143,11,0,0,3
2091,6,13,30,7,0,2,3
2092,6,7,17,10,0,11,3
2093,0,12,9,0,0,0,3
2094,0,10,9,8,0,0,3
2095,4,12,9,2,0,0,3
2095,2,12,9,2,0,0,3
2096,4,14,9,3,0,3,3
2096,0,8,9,3,0,3,3
2096,0,14,9,3,0,3,3
2097,3,12,9,3,0,3,3
2098,7,17,14,9,0,4,3
2099,4,18,14,11,0,4,3
2100,4,15,10,10,0,11,3
2101,4,15,25,11,0,11,3
2101,6,12,25,11,0,11,3
2102,3,12,15,3,0,2,3
2103,10,18,15,17,0,1,3
2104,6,17,15,4,0,1,3
2105,10,16,15,23,0,1,3
2081,0,9,10,8,0,11,3
2106,0,8,10,0,0,11,3
2106,0,12,10,0,0,11,3
2107,0,11,10,3,0,11,3
2108,6,4,174,6,0,6,3
2109,4,3,175,4,0,2,3
2110,4,11,10,12,0,2,3
2111,6,7,2,10,0,6,3
2112,6,12,108,6,0,2,3
2112,4,5,108,6,0,2,3
2113,0,8,25,5,0,2,3
2114,0,13,79,2,0,0,3
2114,3,13,79,2,0,0,3
2115,6,15,2,7,0,10,3
2057,2,16,52,13,0,2,3
2116,6,15,117,10,0,4,3
2117,4,16,2,4,0,10,3
2118,4,15,2,7,0,10,3
2119,4,14,2,11,0,10,3
2120,4,15,2,10,0,10,3
2121,6,6,2,4,0,6,3
2122,3,12,2,2,0,6,3
2123,6,14,30,7,0,6,3
2124,4,13,80,10,0,1,3
2125,4,14,124,10,0,2,3
2126,6,15,152,6,0,7,3
2127,0,14,17,3,0,1,3
2128,5,17,15,22,0,2,3
2129,0,10,15,3,0,2,3
2130,0,18,15,8,0,1,3
2116,6,14,117,10,0,4,3
2131,2,16,52,1,0,2,3
2132,2,14,52,16,0,2,3
2133,4,16,10,11,0,2,3
2134,1,18,11,13,0,11,3
2135,1,16,11,5,0,11,3
2136,1,18,11,8,0,11,3
2137,4,11,3,7,0,2,3
2138,1,18,11,0,0,11,3
2139,1,17,11,2,0,8,3
2140,1,17,176,3,0,11,3
2141,1,18,11,9,0,11,3
2142,1,17,11,7,0,11,3
2143,3,10,10,0,0,11,3
2144,2,14,19,3,0,4,3
2145,4,9,4,11,0,0,3
2146,0,12,15,8,0,6,3
2147,6,13,5,7,0,1,3
2148,1,18,67,11,0,8,3
2149,0,13,17,3,0,0,3
2150,4,10,17,11,0,11,3
2151,6,17,15,7,0,5,3
2152,4,13,49,6,0,1,3
2153,6,15,5,11,0,1,3
2154,6,16,49,10,0,1,3
2155,3,5,5,9,0,0,3
2156,6,17,59,11,0,4,3
2157,6,11,5,11,0,2,3
2157,4,11,5,11,0,2,3
2158,3,16,31,9,0,4,3
2159,3,14,4,9,0,3,3
2160,7,13,10,9,0,10,3
2160,2,16,10,9,0,10,3
2161,1,17,11,1,0,11,3
2162,1,17,11,16,0,8,3
2163,7,11,11,3,0,11,3
2164,7,13,11,2,0,11,3
2165,0,5,80,3,0,0,3
2166,12,16,15,14,0,0,3
2167,12,14,15,22,0,0,3
2168,12,15,15,22,0,0,3
2169,6,8,10,9,0,11,3
2170,0,13,14,3,0,11,3
2171,4,3,9,0,0,6,3
2172,2,11,11,9,0,2,3
2172,7,8,11,3,0,2,3
2173,4,14,10,10,0,11,3
2174,6,13,17,10,0,3,3
2175,6,12,17,10,0,6,3
2176,3,13,17,4,0,1,3
2176,7,13,17,4,0,1,3
2177,2,16,10,2,0,11,3
2178,6,13,28,11,0,6,3
2179,1,17,67,11,0,8,3
2180,4,16,10,10,0,2,3
2181,7,10,4,4,0,7,3
2182,0,12,15,5,0,0,3
2183,4,10,55,10,0,2,3
2184,3,7,80,3,0,3,3
2185,6,12,34,6,0,6,3
2186,0,6,4,3,0,0,3
2187,4,16,19,6,0,2,3
2188,7,8,109,9,0,2,3
2189,4,13,55,11,0,2,3
2190,4,11,16,4,0,2,3
2191,7,10,11,8,0,11,3
2192,7,12,11,0,0,11,3
2193,4,12,19,6,0,0,3
2194,3,13,21,0,0,7,3
2177,3,8,10,2,0,11,3
2195,3,9,10,9,0,11,3
2196,4,12,10,0,0,11,3
2196,7,13,10,0,0,11,3
2196,1,10,10,0,0,11,3
2196,3,11,10,0,0,11,3
2197,0,13,10,2,0,11,3
2198,2,18,10,2,0,11,3
2198,1,12,10,2,0,11,3
2198,3,11,10,2,0,11,3
2198,7,12,10,2,0,11,3
2198,4,11,10,2,0,11,3
2199,2,17,10,3,0,11,3
2199,0,11,10,3,0,11,3
2199,1,12,10,3,0,11,3
2199,4,12,10,3,0,11,3
2199,7,13,10,3,0,11,3
2199,3,12,10,3,0,11,3
2200,4,13,10,9,0,11,3
2200,3,11,10,9,0,11,3
2200,7,13,10,9,0,11,3
2201,6,13,139,10,0,1,3
2202,1,3,1,13,0,8,3
2202,1,11,1,13,0,8,3
2203,3,6,103,2,0,8,3
2204,0,12,30,0,0,11,3
2205,0,10,2,2,0,11,3
2206,0,11,71,2,0,0,3
2207,3,13,15,9,0,7,3
2208,2,12,52,13,0,2,3
2208,1,12,52,13,0,2,3
2196,0,16,10,0,0,11,3
2196,2,18,10,0,0,11,3
2209,4,9,10,8,0,11,3
2209,3,10,10,8,0,11,3
2195,7,15,10,9,0,11,3
2210,4,15,10,4,0,11,3
2210,2,15,10,13,0,11,3
2211,4,16,10,7,0,11,3
2211,6,14,10,7,0,11,3
2212,6,14,10,11,0,11,3
2213,4,17,10,10,0,11,3
2213,6,17,10,10,0,11,3
2214,4,16,10,12,0,11,3
2215,9,15,10,16,0,11,3
2216,2,17,10,1,0,11,3
2216,1,17,10,1,0,11,3
2216,0,5,10,1,0,11,3
2216,8,5,10,1,0,11,3
2195,4,16,10,9,0,11,3
2216,7,5,10,1,0,11,3
2217,2,18,10,13,0,6,3
2217,1,18,10,13,0,6,3
2217,0,5,10,13,0,6,3
2217,11,12,10,13,0,6,3
2218,2,18,10,5,0,11,3
2218,0,14,10,5,0,11,3
2218,1,18,10,5,0,11,3
2218,8,11,10,5,0,11,3
2218,7,12,10,5,0,11,3
2218,4,10,10,5,0,11,3
2209,2,17,10,8,0,11,3
2209,1,16,10,8,0,11,3
2209,0,16,10,8,0,11,3
2209,7,13,10,8,0,11,3
2216,9,15,10,1,0,11,3
2219,3,7,28,2,0,6,3
1962,4,7,21,3,0,11,3
2220,6,5,28,7,0,0,3
2221,8,17,15,13,0,8,3
2222,0,11,2,0,0,6,3
2223,3,16,15,4,0,8,3
2224,3,6,4,3,0,7,3
2222,4,11,2,0,0,6,3
2222,7,11,2,0,0,6,3
2225,3,17,131,3,0,8,3
2226,0,6,85,3,0,1,3
2227,7,15,19,7,0,0,3
2228,2,5,19,8,0,1,3
2229,7,12,19,4,0,1,3
2230,4,15,19,10,0,1,3
2231,4,15,19,4,0,1,3
2232,4,9,0,11,0,7,3
2233,0,3,142,3,0,2,3
2234,7,12,16,4,0,2,3
2235,6,7,23,6,0,2,3
792,4,17,16,11,0,2,3
2236,7,14,52,9,0,2,3
2237,5,14,52,14,0,2,3
2236,4,14,52,9,0,2,3
2236,4,12,52,9,0,2,3
2238,5,14,15,12,0,2,3
2239,0,11,4,8,0,0,3
2239,7,4,4,8,0,0,3
2239,3,6,4,8,0,0,3
2240,2,11,14,8,0,4,3
2241,7,13,27,4,0,7,3
2242,3,6,103,2,0,8,3
2243,3,11,10,8,0,0,3
2244,4,8,117,10,0,0,3
2243,0,13,10,2,0,0,3
2245,2,15,29,8,0,2,3
2246,2,14,29,2,0,2,3
2246,4,13,29,2,0,2,3
2247,4,14,29,3,0,2,3
2248,4,15,30,12,0,2,3
2248,6,8,28,10,0,2,3
2248,7,13,19,9,0,2,3
2249,3,16,13,2,0,2,3
2250,6,12,4,10,0,2,3
2251,3,6,80,2,0,7,3
2252,6,11,28,6,0,3,3
2253,0,3,142,3,0,2,3
2254,3,6,34,4,0,2,3
2255,4,5,177,3,0,0,3
2255,3,7,177,3,0,0,3
2256,0,6,123,3,0,11,3
2257,6,11,4,10,0,2,3
2258,0,10,25,8,0,2,3
2258,2,10,25,8,0,2,3
2259,8,9,71,5,0,11,3
2260,8,15,15,15,0,8,3
2261,0,14,15,2,0,8,3
2262,4,12,28,9,0,3,3
2262,3,7,28,9,0,3,3
2262,6,8,28,9,0,3,3
2263,0,8,28,5,0,0,3
2263,3,6,28,5,0,0,3
2264,6,13,49,10,0,9,3
2243,2,13,10,2,0,0,3
2265,0,5,48,3,0,3,3
2239,2,13,4,5,0,0,3
2266,3,10,31,3,0,7,3
2267,4,11,85,10,0,8,3
2268,6,16,25,6,0,11,3
2269,7,15,19,9,0,2,3
2270,4,7,22,11,0,1,3
2270,4,11,22,11,0,1,3
2271,3,15,15,3,0,7,3
2272,0,11,28,9,0,3,3
2272,3,11,28,9,0,3,3
2273,12,15,15,17,0,7,3
2274,3,14,15,9,0,7,3
2275,3,15,15,8,0,7,3
2276,6,17,15,7,0,7,3
2277,8,16,15,13,0,11,3
2278,5,17,15,12,0,11,3
2278,12,17,15,12,0,11,3
2220,4,9,28,4,0,0,3
2279,0,14,15,8,0,11,3
2280,3,15,15,9,0,11,3
2281,8,12,15,1,0,0,3
2282,3,15,15,3,0,0,3
2283,6,13,15,4,0,0,3
2284,0,16,15,13,0,0,3
2285,0,13,15,3,0,0,3
2286,5,14,15,12,0,0,3
2287,5,14,15,14,0,0,3
2288,5,13,15,20,0,0,3
2289,0,16,15,2,0,2,3
2290,3,18,15,4,0,2,3
2291,11,16,15,16,0,2,3
2292,8,17,15,5,0,2,3
2293,4,16,25,10,0,11,3
2294,2,14,29,5,0,2,3
2293,6,16,25,10,0,11,3
2295,4,13,79,7,0,2,3
2296,6,18,15,10,0,6,3
2297,5,11,33,14,0,9,3
2298,3,5,15,3,0,7,3
2299,3,15,9,3,0,7,3
2300,3,17,15,4,0,7,3
2301,3,14,9,3,0,8,3
2302,4,11,155,6,0,6,3
2303,7,13,2,9,0,6,3
2304,4,9,117,10,0,9,3
2305,4,14,112,6,0,9,3
2306,11,15,15,15,0,0,3
2307,6,16,29,4,0,1,3
2308,6,15,29,7,0,1,3
2309,6,16,29,10,0,1,3
2310,3,13,4,7,0,2,3
2311,3,15,4,9,0,2,3
2312,4,10,29,11,0,6,3
2313,4,6,11,7,0,6,3
2314,6,15,28,11,0,6,3
2315,10,18,29,27,0,1,3
2316,4,14,14,7,0,4,3
2317,7,15,29,9,0,1,3
2318,6,16,4,10,0,6,3
2319,6,16,29,6,0,4,3
2320,6,13,29,11,0,0,3
2321,2,13,12,8,0,4,3
2322,4,14,19,7,0,11,3
2323,6,10,2,4,0,7,3
2324,7,9,79,4,0,2,3
2325,4,16,29,6,0,1,3
2326,5,17,15,23,0,2,3
2327,9,15,178,16,0,2,3
2328,3,8,42,2,0,7,3
2329,5,16,10,14,0,11,3
2330,9,14,10,16,0,11,3
2331,9,9,10,1,0,11,3
2332,2,16,10,0,0,11,3
2333,3,10,144,3,0,7,3
2332,7,11,10,0,0,11,3
2334,0,12,10,2,0,11,3
2335,2,17,10,2,0,11,3
2335,4,12,10,2,0,11,3
2335,7,11,10,2,0,11,3
2336,2,16,10,3,0,11,3
2336,4,13,10,3,0,11,3
2336,0,9,10,3,0,11,3
2337,4,15,10,6,0,11,3
2336,7,12,10,3,0,11,3
2338,7,16,10,9,0,11,3
2339,7,17,10,4,0,11,3
2340,4,11,33,11,0,11,3
2340,0,15,10,8,0,11,3
2341,4,10,80,6,0,11,3
2342,4,15,80,7,0,11,3
2343,2,18,16,2,0,11,3
2343,4,15,16,2,0,11,3
2344,4,16,16,3,0,11,3
2344,2,17,16,3,0,11,3
2345,4,16,16,9,0,11,3
2345,2,15,16,9,0,11,3
2346,4,13,16,4,0,6,3
2338,4,16,10,9,0,11,3
2347,4,17,10,11,0,11,3
2333,7,10,179,3,0,7,3
2348,4,16,10,7,0,11,3
2349,11,13,15,16,0,6,3
2350,3,15,3,3,0,7,3
2351,3,13,29,2,0,7,3
2351,0,6,29,2,0,7,3
2352,2,16,10,0,0,2,3
2352,1,16,10,0,0,2,3
2352,7,10,10,0,0,2,3
2353,2,13,10,3,0,2,3
2353,1,13,10,3,0,2,3
2353,0,12,10,3,0,2,3
2353,4,12,10,3,0,2,3
2353,7,11,10,2,0,2,3
2354,3,9,154,2,0,0,3
465,3,14,95,5,0,0,3
2355,1,10,95,0,0,2,3
2356,1,13,133,0,0,7,3
2357,4,14,10,10,0,2,3
2358,6,7,48,7,0,2,3
2359,4,15,10,4,0,2,3
2359,3,6,10,4,0,2,3
2359,1,15,10,13,0,2,3
2359,1,15,10,4,0,2,3
2360,2,17,10,8,0,2,3
2360,1,17,10,8,0,2,3
2360,0,9,10,8,0,2,3
2361,4,17,10,11,0,11,3
2362,4,17,10,4,0,11,3
2363,2,17,10,3,0,11,3
2364,4,16,10,6,0,11,3
2365,4,17,11,10,0,11,3
2366,9,17,16,16,0,11,3
2366,2,13,16,16,0,11,3
2367,2,16,16,1,0,11,3
2368,1,10,1,3,0,7,3
2369,3,12,15,2,0,3,3
2370,4,16,33,10,0,11,3
2371,3,7,4,9,0,8,3
2371,3,6,4,9,0,8,3
2372,4,16,4,10,0,3,3
2373,7,14,80,9,0,3,3
2373,3,9,80,3,0,3,3
2373,1,19,156,21,0,3,3
2374,0,14,10,3,0,8,3
2374,1,14,10,2,0,8,3
2375,4,10,19,11,0,0,3
2376,3,13,17,9,0,6,3
2377,3,13,13,2,0,8,3
2378,3,13,13,2,0,8,3
2379,3,13,34,8,0,8,3
2380,4,11,33,7,0,6,3
2381,0,14,9,8,0,3,3
2382,4,15,48,7,0,9,3
2383,4,13,33,6,0,11,3
2384,4,13,28,7,0,2,3
2385,4,13,33,11,0,11,3
2255,0,5,3,3,0,0,3
2386,4,15,25,7,0,2,3
2386,7,9,25,9,0,2,3
2387,6,9,48,7,0,7,3
2388,4,13,3,6,0,9,3
2255,0,12,3,3,0,0,3
2328,3,11,42,2,0,7,3
2368,1,14,1,3,0,7,3
2328,3,7,42,2,0,7,3
2389,0,3,142,3,0,2,3
2390,6,4,30,6,0,0,3
2367,9,17,16,1,0,11,3
2391,2,16,16,13,0,11,3
2391,1,15,16,13,0,11,3
2391,0,5,16,13,0,11,3
2391,11,15,16,13,0,11,3
2392,2,18,16,5,0,11,3
2392,1,18,16,5,0,11,3
2392,0,12,16,5,0,11,3
2392,7,13,16,5,0,11,3
2393,2,18,16,8,0,6,3
2394,0,9,4,0,0,11,3
2393,7,16,16,8,0,6,3
2393,1,18,16,8,0,6,3
2393,4,12,16,8,0,6,3
2393,0,12,16,8,0,6,3
2395,2,17,16,0,0,11,3
2395,0,12,16,0,0,11,3
2396,4,9,19,3,0,11,3
2396,2,12,19,3,0,11,3
2397,2,12,150,5,0,0,3
2397,0,12,150,5,0,0,3
2398,2,13,42,16,0,2,3
481,3,19,29,0,0,3,3
2399,3,13,15,9,0,7,3
2400,4,9,25,10,0,0,3
2401,6,9,4,7,0,4,3
2402,6,18,15,6,0,5,3
2403,0,8,2,3,0,0,3
2404,3,6,2,3,0,0,3
2405,7,16,2,3,0,1,3
2406,3,3,34,2,0,8,3
2407,0,13,15,3,0,11,3
2408,8,14,15,16,0,11,3
2409,3,10,74,0,0,4,3
2410,6,10,2,11,0,6,3
2411,0,9,28,2,0,11,3
2412,4,13,46,9,0,6,3
2412,1,13,25,9,0,6,3
2412,3,7,46,9,0,6,3
2412,6,10,46,9,0,6,3
2412,7,13,46,9,0,6,3
2413,4,8,3,4,0,6,3
2413,6,10,3,4,0,6,3
2414,2,14,46,3,0,6,3
2414,3,13,46,3,0,6,3
2414,0,14,46,3,0,6,3
2415,4,14,55,10,0,2,3
880,0,13,9,5,0,6,3
880,3,13,9,5,0,6,3
880,8,13,9,5,0,6,3
880,7,13,9,5,0,6,3
2416,0,1,85,3,0,2,3
2417,1,18,10,6,0,5,3
880,1,13,9,5,0,6,3
2418,0,14,3,2,0,9,3
2419,7,11,34,9,0,7,3
2420,3,13,28,3,0,6,3
2420,3,13,28,3,0,6,3
2421,3,9,28,3,0,6,3
2422,0,11,28,5,0,0,3
2423,7,15,19,9,0,7,3
2424,0,8,28,3,0,1,3
2425,4,9,25,4,0,6,3
2426,6,13,25,7,0,1,3
2427,6,14,10,11,0,8,3
2427,4,12,10,11,0,8,3
2428,1,15,10,6,0,8,3
2429,1,15,10,10,0,8,3
2430,5,16,10,14,0,2,3
2431,1,18,10,12,0,8,3
2431,4,16,10,11,0,8,3
2432,3,7,4,5,0,6,3
2433,2,12,4,3,0,11,3
2433,4,12,4,3,0,11,3
2433,3,10,4,3,0,11,3
2433,0,12,4,3,0,11,3
2433,7,10,4,3,0,11,3
2434,4,10,4,9,0,1,3
2434,7,10,4,9,0,1,3
2434,0,9,4,9,0,1,3
2435,6,9,28,10,0,6,3
2436,3,8,28,8,0,6,3
2437,8,11,11,13,0,0,3
2438,6,11,10,11,0,1,3
2439,3,13,52,2,0,0,3
2440,7,8,44,2,0,6,3
2441,6,18,15,6,0,2,3
2440,0,8,44,2,0,6,3
2440,3,8,44,2,0,6,3
2442,6,8,28,7,0,6,3
2443,3,8,50,9,0,6,3
2444,3,4,48,3,0,7,3
2424,4,8,28,3,0,1,3
2445,6,16,17,11,0,4,3
2446,6,16,17,7,0,4,3
2447,3,9,11,9,0,6,3
2448,1,10,145,9,0,7,3
1822,3,15,25,9,0,6,3
2449,4,7,28,11,0,6,3
2449,6,9,28,11,0,6,3
2450,0,16,10,2,0,7,3
2451,0,17,10,0,0,7,3
2452,1,17,180,13,0,3,3
2453,1,15,181,0,0,1,3
2454,4,16,117,6,0,2,3
2455,3,5,11,3,0,0,3
2456,6,14,4,10,0,1,3
2457,4,12,3,11,0,2,3
2458,4,9,109,9,0,0,3
2458,0,7,109,3,0,0,3
2458,7,11,109,3,0,0,3
880,2,13,9,5,0,6,3
2459,6,15,140,6,0,1,3
2460,3,4,28,9,0,3,3
2461,0,10,28,0,0,6,3
2460,4,6,28,9,0,3,3
2461,2,10,28,0,0,6,3
2461,3,10,28,0,0,6,3
2461,4,13,28,0,0,6,3
2461,7,13,28,0,0,6,3
2462,6,9,50,9,0,1,3
2463,6,14,4,10,0,9,3
2464,6,4,28,7,0,3,3
2464,4,7,28,7,0,3,3
2465,4,13,182,10,0,6,3
2466,6,15,10,11,0,6,3
2467,2,14,25,2,0,6,3
2467,1,14,46,2,0,6,3
2467,4,14,46,2,0,6,3
2467,7,13,46,2,0,6,3
2468,4,11,29,10,0,7,3
2467,3,15,25,2,0,6,3
2469,7,13,17,9,0,7,3
2469,3,14,4,4,0,7,3
2470,1,14,37,8,0,6,3
2470,2,14,37,8,0,6,3
2471,0,12,60,3,0,0,3
2470,0,14,37,8,0,6,3
2471,7,13,143,3,0,0,3
2472,0,9,25,3,0,6,3
2470,3,14,37,8,0,6,3
2473,3,14,60,3,0,7,3
2474,6,12,5,10,0,7,3
2475,6,12,5,10,0,7,3
2476,3,13,60,3,0,4,3
2477,6,17,25,6,0,7,3
2478,4,8,10,3,0,0,3
2478,3,8,10,3,0,0,3
2478,0,8,10,3,0,0,3
2479,4,14,100,4,0,6,3
2479,3,6,100,8,0,6,3
2480,4,17,10,10,0,6,3
2480,6,16,10,10,0,6,3
2466,4,17,10,11,0,6,3
2481,3,16,60,9,0,7,3
619,1,17,10,7,0,8,3
2440,4,8,44,2,0,6,3
619,3,14,10,4,0,8,3
2482,7,16,10,4,0,11,3
2483,6,9,25,4,0,6,3
1816,4,11,25,4,0,1,3
1816,6,9,25,4,0,1,3
1383,2,9,21,8,0,11,3
2484,4,14,3,6,0,0,3
2485,1,17,73,0,0,3,3
2486,5,17,15,22,0,9,3
2487,3,11,144,3,0,7,3
2488,4,11,80,9,0,1,3
2489,5,18,15,20,0,1,3
2490,3,10,37,3,0,6,3
2482,3,14,10,4,0,11,3
2491,3,10,3,2,0,0,3
2492,0,5,4,0,0,8,3
2493,6,6,5,4,0,6,3
619,3,7,10,4,0,8,3
2494,7,17,19,9,0,1,3
2495,6,11,183,11,0,11,3
2496,4,11,49,11,0,11,3
2497,6,4,9,4,0,1,3
2498,3,8,10,2,0,8,3
2499,0,8,10,0,0,8,3
2500,0,10,10,2,0,8,3
2500,1,10,10,2,0,8,3
2501,4,10,4,11,0,6,3
2502,6,16,28,11,0,1,3
2482,4,17,10,4,0,11,3
2503,0,16,10,9,0,11,3
2504,4,15,10,3,0,11,3
2505,6,16,15,7,0,11,3
2506,5,17,15,14,0,6,3
2507,10,18,59,23,0,4,3
2508,0,13,11,5,0,11,3
2508,8,13,11,13,0,11,3
2509,11,13,15,1,0,11,3
2510,0,14,11,0,0,11,3
2510,3,16,11,0,0,11,3
2511,3,18,15,0,0,4,3
2512,6,13,17,10,0,2,3
2513,2,11,28,2,0,2,3
2514,7,15,16,13,0,11,3
2515,2,13,16,5,0,11,3
2516,3,5,165,8,0,7,3
2517,2,14,10,1,0,11,3
2518,4,17,10,7,0,11,3
2519,4,17,10,10,0,11,3
2520,4,16,10,6,0,11,3
2521,4,16,10,12,0,11,3
2522,9,16,10,16,0,11,3
2523,2,16,10,13,0,11,3
2523,11,16,10,13,0,11,3
2524,2,13,10,5,0,11,3
2525,2,17,10,8,0,11,3
2526,2,17,10,0,0,11,3
2527,2,16,10,2,0,11,3
2504,2,15,10,3,0,11,3
2528,5,6,4,12,0,6,3
2529,6,12,4,6,0,3,3
2530,7,16,19,2,0,1,3
2531,1,14,10,5,0,11,3
2532,6,14,10,7,0,8,3
2533,1,16,10,0,0,8,3
2529,4,14,4,6,0,3,3
581,1,18,10,0,0,8,3
581,2,14,10,8,0,8,3
581,3,14,10,8,0,8,3
2534,5,10,155,14,0,6,3
581,0,13,10,8,0,8,3
581,8,11,10,5,0,8,3
2535,3,14,10,3,0,8,3
2535,4,12,10,3,0,8,3
2535,0,12,10,3,0,8,3
2535,7,9,10,3,0,8,3
2536,4,14,33,11,0,11,3
2537,7,16,16,0,0,0,3
2538,0,5,25,2,0,0,3
2472,3,10,25,3,0,6,3
619,4,14,10,4,0,8,3
619,6,14,10,4,0,8,3
2472,4,13,25,3,0,6,3
619,7,13,10,4,0,8,3
2532,4,13,10,7,0,8,3
2539,3,11,4,2,0,0,3
2540,4,16,14,9,0,4,3
2541,4,7,11,9,0,11,3
2542,11,12,15,16,1,11,7
2543,3,18,15,4,1,5,7
1774,3,5,80,3,1,7,7
2544,3,12,25,4,1,6,7
2545,7,10,60,9,1,4,7
2546,0,17,4,0,1,8,7
2547,4,12,29,7,1,6,7
2548,1,15,1,5,1,5,7
2546,3,16,4,0,1,8,7
2549,0,14,15,9,1,11,7
2550,4,7,16,4,1,3,7
2551,3,10,17,8,1,6,7
2552,3,7,50,2,1,4,7
2553,3,11,25,0,1,6,7
2553,4,11,25,0,1,6,7
2554,8,6,4,5,1,1,7
2555,0,11,15,5,1,0,7
2556,0,16,34,0,1,1,7
2557,0,14,5,3,1,6,7
2558,8,14,12,5,1,1,7
2559,3,16,17,2,1,3,7
2560,3,13,15,3,1,1,7
2557,3,12,5,3,1,6,7
2561,1,17,4,5,1,5,7
2562,1,15,184,5,1,9,7
2544,4,14,25,4,1,6,7
2563,7,16,28,3,1,5,7
2563,3,16,28,3,1,5,7
2564,7,11,19,9,1,0,7
2565,3,2,154,3,1,8,7
2566,8,11,185,13,1,7,7
2567,2,12,9,2,1,3,7
2567,4,12,9,2,1,3,7
2567,0,12,9,2,1,3,7
2568,3,12,34,2,1,4,7
2562,1,15,184,5,1,9,7
2569,0,16,15,3,1,3,7
2570,4,10,28,3,1,6,7
2557,7,14,5,3,1,6,7
2571,3,14,10,2,1,0,7
2572,3,14,11,3,1,5,7
2573,7,13,17,0,1,5,7
2574,6,18,15,11,1,5,7
2575,2,17,79,0,1,4,7
2576,0,15,28,2,1,5,7
2570,0,10,28,3,1,6,7
2570,3,12,28,3,1,6,7
2577,4,14,21,9,1,4,7
2578,4,13,5,11,1,1,7
2579,3,12,21,9,1,6,7
2580,3,14,15,9,1,10,7
2581,3,14,71,3,1,6,7
2582,7,16,19,9,1,1,7
2583,1,13,186,2,1,3,7
2584,3,8,45,0,1,3,7
2585,7,9,82,9,1,11,7
2586,0,15,9,8,1,6,7
2587,3,10,28,9,1,6,7
2588,3,11,28,4,1,6,7
2585,0,6,21,3,1,11,7
2588,7,10,28,9,1,6,7
2589,2,18,16,5,1,11,7
2586,2,15,9,8,1,6,7
2586,3,12,9,8,1,6,7
2590,0,7,123,0,1,2,7
2591,4,14,3,11,1,2,7
2586,7,13,9,8,1,6,7
2592,2,15,25,8,1,2,7
2592,1,15,25,8,1,2,7
2593,3,11,27,2,1,4,7
2578,6,15,5,11,1,1,7
2594,3,16,79,0,1,9,7
2595,4,14,2,11,1,9,7
2596,2,9,19,8,1,0,7
2597,4,18,4,11,1,3,7
1822,4,9,25,9,1,6,7
2598,3,17,71,2,1,9,7
2599,0,15,15,9,1,7,7
2600,0,6,25,8,1,6,7
2601,0,15,28,5,1,1,7
2601,2,15,28,5,1,1,7
2601,3,14,28,5,1,1,7
2589,0,12,16,5,1,11,7
2544,6,14,25,4,1,6,7
2602,4,10,5,11,1,9,7
2603,7,13,2,2,1,6,7
2604,6,8,17,4,1,9,7
2581,4,9,71,3,1,6,7
2605,3,17,15,4,1,8,7
2606,2,17,4,5,1,9,7
2607,0,4,25,5,1,6,7
2608,3,14,74,2,1,7,7
2607,2,9,25,5,1,6,7
2581,7,9,71,3,1,6,7
2553,0,11,25,0,1,6,7
2553,0,11,25,0,1,6,7
2581,0,9,71,3,1,6,7
2553,2,11,25,0,1,6,7
2553,2,11,25,0,1,6,7
2557,4,14,5,3,1,6,7
2609,4,14,2,7,1,9,7
2610,3,14,17,2,1,11,7
2611,8,14,15,1,1,3,7
2612,0,16,60,0,1,5,7
2613,4,10,2,11,1,5,7
2614,4,11,29,11,1,5,7
2615,4,8,5,4,1,6,7
2616,4,12,10,9,1,8,7
2616,3,10,10,9,1,8,7
2616,7,11,10,9,1,8,7
2616,0,12,10,3,1,8,7
2617,7,17,19,0,1,1,7
2618,11,7,12,15,1,6,7
2619,1,14,10,11,1,8,7
2222,3,10,2,0,1,6,7
2222,2,15,19,0,1,6,7
2620,4,10,28,4,1,6,7
2620,1,10,28,4,1,6,7
2620,6,7,28,4,1,6,7
2620,3,7,28,4,1,6,7
2621,0,4,177,2,1,1,7
2622,1,14,10,11,1,8,7
2621,4,4,177,2,1,1,7
2617,2,18,19,2,1,1,7
2623,9,15,19,16,1,1,7
2624,2,19,4,5,1,1,7
2625,11,13,15,18,1,6,7
2626,0,12,95,0,1,6,7
2627,4,11,187,7,1,1,7
2628,4,10,108,10,1,9,7
2628,6,10,108,10,1,9,7
2629,3,14,60,3,1,4,7
2630,8,18,15,1,1,6,7
2631,2,18,19,5,1,1,7
2632,3,10,17,3,1,3,7
2633,0,10,17,2,1,3,7
2634,3,14,17,4,1,3,7
2635,4,3,37,3,1,6,7
2636,3,12,12,2,1,4,7
2635,0,3,37,3,1,6,7
2637,3,15,28,2,1,5,7
2638,1,16,4,11,1,8,7
2639,2,15,19,13,1,6,7
2640,3,13,17,3,1,3,7
2624,0,19,4,5,1,1,7
2641,2,10,4,5,1,6,7
2641,8,10,4,5,1,6,7
2642,8,14,37,13,1,6,7
2642,3,13,37,13,1,6,7
2642,0,16,37,13,1,6,7
2643,9,14,37,16,1,6,7
2643,2,14,37,16,1,6,7
2644,2,13,25,0,1,6,7
2644,1,13,25,0,1,6,7
2644,0,13,25,0,1,6,7
2642,1,16,37,13,1,6,7
2644,7,12,25,0,1,6,7
2645,4,13,17,6,1,3,7
2470,7,14,37,8,1,6,7
2470,1,15,37,8,1,6,7
2470,2,15,37,8,1,6,7
2470,0,15,37,8,1,6,7
2470,3,12,37,8,1,6,7
2646,3,13,37,0,1,5,7
2647,2,16,37,13,1,6,7
2644,3,9,25,0,1,6,7
2641,0,10,4,5,1,6,7
2642,2,16,37,13,1,6,7
2648,8,14,37,1,1,3,7
2649,2,13,46,5,1,6,7
2649,1,13,46,5,1,6,7
2650,4,12,11,7,1,6,7
2649,0,13,46,5,1,6,7
2649,8,11,46,5,1,6,7
2649,3,11,46,5,1,6,7
2649,7,11,46,5,1,6,7
2651,4,13,16,7,1,1,7
2652,10,17,59,27,1,4,7
2653,2,14,37,0,1,0,7
2653,3,13,37,0,1,0,7
2654,3,14,79,9,1,6,7
2655,4,12,19,0,1,1,7
2655,7,13,19,2,1,1,7
2656,2,16,37,1,1,6,7
2656,8,12,37,1,1,6,7
2656,9,16,37,1,1,6,7
2656,11,16,37,1,1,6,7
2653,0,13,37,0,1,0,7
2647,8,14,37,13,1,6,7
2624,1,19,4,13,1,1,7
2657,11,18,4,1,1,1,7
2658,1,17,4,7,1,3,7
2659,2,14,9,5,1,6,7
2659,3,13,9,5,1,6,7
2659,0,14,9,5,1,6,7
2660,4,12,28,4,1,2,7
2661,3,7,79,2,1,6,7
2662,0,12,79,2,1,6,7
2663,11,16,15,1,1,5,7
2664,7,14,19,5,1,0,7
2665,3,13,3,2,1,4,7
2665,4,14,3,2,1,4,7
2666,1,7,25,3,1,2,7
2666,4,7,25,3,1,2,7
2666,0,7,25,3,1,2,7
2666,3,4,25,3,1,2,7
2222,0,11,2,0,1,6,7
2667,1,10,115,7,1,5,7
2222,4,11,2,0,1,6,7
2665,0,14,3,2,1,4,7
2222,7,10,2,0,1,6,7
2668,7,16,19,2,1,0,7
2669,0,13,15,5,1,3,7
2670,0,11,10,0,1,2,7
2670,3,9,10,0,1,2,7
2671,2,14,10,5,1,6,7
2671,1,14,10,5,1,6,7
2671,0,9,10,5,1,6,7
2671,8,13,10,5,1,6,7
2672,0,13,11,3,1,1,7
2673,0,7,10,2,1,6,7
2674,7,16,19,3,1,0,7
2673,3,7,10,2,1,6,7
2675,0,12,14,3,1,4,7
2676,0,13,30,8,1,0,7
2677,8,13,30,5,1,0,7
2678,3,14,52,2,1,9,7
2679,3,13,34,4,1,9,7
2680,3,7,52,2,1,3,7
2681,3,13,11,9,1,4,7
2368,1,12,1,3,1,7,7
2682,6,14,29,11,1,5,7
2624,8,15,4,13,1,1,7
2683,2,16,19,8,1,2,7
2684,2,17,10,2,1,1,7
2685,4,15,29,7,1,4,7
2686,3,14,71,8,1,7,7
2687,7,16,19,4,1,3,7
2688,2,13,19,5,1,6,7
2689,2,15,52,2,1,2,7
2690,6,15,10,11,1,9,7
2691,3,15,80,2,1,7,7
2692,2,12,28,8,1,6,7
2693,10,15,170,27,1,1,7
2692,0,12,28,8,1,6,7
2694,3,9,28,0,1,10,7
2694,0,9,28,0,1,10,7
2694,7,8,28,0,1,10,7
2695,4,11,21,9,1,6,7
2696,11,16,15,15,1,0,7
2697,8,13,4,5,1,1,7
2657,9,17,4,16,1,1,7
2657,2,17,4,1,1,1,7
2692,8,11,28,5,1,6,7
2683,7,11,19,8,1,2,7
2698,4,12,29,7,1,1,7
2699,6,16,29,11,1,1,7
2684,1,17,10,0,1,1,7
2700,2,16,3,0,1,6,7
2700,0,14,3,0,1,6,7
2701,2,16,4,2,1,6,7
2700,3,9,3,0,1,6,7
2700,1,16,3,0,1,6,7
2702,6,7,4,10,1,11,7
2703,1,11,164,0,1,3,7
2704,12,15,29,12,1,1,7
2705,3,17,15,0,1,7,7
2706,3,18,15,3,1,7,7
2707,3,18,15,2,1,7,7
2708,3,16,15,4,1,0,7
2709,12,17,15,26,1,3,7
2710,6,17,15,7,1,3,7
2711,6,12,33,10,1,10,7
2712,2,12,28,8,1,6,7
2713,0,9,28,8,1,3,7
2714,3,18,15,3,1,7,7
2715,8,5,9,1,1,6,7
2647,3,14,37,13,1,6,7
2647,11,16,37,1,1,6,7
2716,0,15,30,5,1,0,7
2717,0,14,11,9,1,0,7
2718,10,16,15,26,1,9,7
2719,6,6,50,11,1,1,7
2720,8,12,6,5,1,3,7
2721,1,16,31,8,1,5,7
2722,0,16,60,0,1,4,7
2723,4,10,55,4,1,0,7
2724,4,7,2,7,1,10,7
2725,4,14,30,4,1,4,7
2726,3,16,15,2,1,4,7
2727,0,16,17,3,1,6,7
2727,4,12,17,11,1,6,7
2728,6,17,15,11,1,5,7
2729,6,17,15,9,1,4,7
2730,6,16,15,4,1,4,7
2731,3,10,17,4,1,6,7
2732,0,15,31,3,1,4,7
2733,11,5,30,13,1,6,7
2734,6,7,2,11,1,6,7
2735,10,17,17,26,1,1,7
2736,0,9,17,8,1,3,7
2737,4,15,25,6,1,8,7
2738,6,13,10,4,1,6,7
2738,3,13,10,4,1,6,7
2739,2,11,10,3,1,6,7
2739,4,11,10,3,1,6,7
2740,6,11,4,7,1,6,7
2739,0,11,10,3,1,6,7
2739,1,11,10,3,1,6,7
2736,3,9,17,8,1,3,7
2739,7,7,10,3,1,6,7
2739,3,10,10,3,1,6,7
2741,6,6,55,11,1,2,7
2742,8,10,15,5,1,6,7
2743,6,16,11,4,1,9,7
2744,2,15,52,1,1,2,7
2744,1,16,52,1,1,2,7
2745,4,15,17,7,1,4,7
2746,4,18,19,7,1,2,7
2747,8,15,15,5,1,9,7
2738,4,13,10,4,1,6,7
2734,4,8,2,11,1,6,7
2748,8,17,15,13,1,4,7
2749,7,14,2,9,1,5,7
2749,4,14,2,9,1,5,7
2750,3,10,46,3,1,5,7
2750,7,14,46,3,1,5,7
2750,0,14,46,3,1,5,7
2750,4,14,46,3,1,5,7
2751,3,15,31,8,1,4,7
2752,3,14,31,9,1,4,7
2753,0,7,4,2,1,2,7
2754,6,4,2,11,1,10,7
2755,3,10,30,3,1,4,7
2756,3,13,188,2,1,7,7
2757,7,6,4,3,1,6,7
2757,3,7,4,3,1,6,7
2757,0,11,4,3,1,6,7
2758,7,14,16,4,1,1,7
2759,0,11,9,5,1,6,7
2759,2,11,9,5,1,6,7
2760,3,14,2,4,1,10,7
2761,7,15,56,9,1,5,7
2762,0,15,15,0,1,8,7
2763,3,7,4,3,1,6,7
2764,7,13,189,2,1,7,7
2765,0,14,190,8,1,1,7
2766,11,8,4,13,1,0,7
2767,3,13,5,9,1,1,7
2768,3,8,5,3,1,1,7
2768,0,8,5,3,1,1,7
2768,4,8,5,3,1,1,7
2769,8,17,15,1,1,6,7
2770,4,12,5,11,1,2,7
2771,10,19,15,26,1,6,7
2772,3,18,15,3,1,6,7
2773,3,18,15,0,1,6,7
2774,8,16,15,15,1,6,7
2775,3,15,31,2,1,7,7
2776,7,16,4,4,1,7,7
2777,3,14,11,4,1,7,7
2778,0,12,15,9,1,2,7
2779,4,15,56,11,1,4,7
2771,6,17,15,10,1,6,7
2647,0,16,37,13,1,6,7
2780,1,14,18,0,1,5,7
2781,3,16,10,0,1,7,7
1954,0,14,5,2,1,1,7
1954,3,12,5,2,1,1,7
2782,1,16,188,2,1,5,7
2783,4,14,9,7,1,3,7
2784,11,15,25,13,1,6,7
2784,8,13,25,13,1,6,7
2784,0,15,25,13,1,6,7
2784,2,15,25,13,1,6,7
1954,2,14,5,2,1,1,7
2785,9,14,25,16,1,6,7
2786,1,13,25,0,1,6,7
2786,0,13,25,0,1,6,7
2786,4,13,25,0,1,6,7
2787,2,17,93,1,1,1,7
2788,2,13,25,2,1,6,7
2788,1,13,25,2,1,6,7
2788,0,11,25,2,1,6,7
2788,4,12,25,2,1,6,7
2786,2,13,25,0,1,6,7
2788,3,10,25,2,1,6,7
1954,4,14,5,2,1,1,7
2789,3,14,10,2,1,8,7
2790,2,15,37,2,1,6,7
2790,4,15,37,2,1,6,7
2790,3,9,37,2,1,6,7
2790,3,14,37,2,1,6,7
2790,1,15,37,2,1,6,7
1822,3,9,25,9,1,6,7
2791,2,11,9,2,1,6,7
2791,4,11,9,2,1,6,7
2792,1,11,10,3,1,8,7
2791,3,11,9,2,1,6,7
2793,4,12,16,11,1,1,7
2794,3,9,9,0,1,3,7
2795,1,16,4,3,1,8,7
2796,1,16,4,4,1,8,7
1806,1,12,160,28,1,8,7
2797,0,12,34,0,1,6,7
2797,3,12,34,0,1,6,7
2789,0,15,10,2,1,8,7
2791,0,11,9,2,1,6,7
1822,6,7,25,9,1,6,7
2798,3,8,25,2,1,6,7
2799,0,13,11,3,1,1,7
2800,8,15,15,1,1,4,7
2801,7,13,9,8,1,2,7
2801,2,16,9,8,1,2,7
2801,1,16,9,8,1,2,7
2800,8,14,15,1,1,4,7
2802,1,18,10,2,1,5,7
2803,3,16,15,2,1,4,7
2804,0,13,10,0,1,8,7
2805,7,13,60,9,1,8,7
2806,1,14,68,2,1,5,7
2807,7,12,21,0,1,8,7
2807,3,13,21,0,1,8,7
2808,4,7,80,11,1,2,7
2809,6,4,9,11,1,1,7
2810,3,10,5,4,1,6,7
2811,1,13,52,3,1,5,7
2812,0,7,123,3,1,5,7
2813,6,8,28,11,1,6,7
2814,1,17,4,11,1,8,7
2815,3,18,15,8,1,4,7
2816,4,19,4,11,1,6,7
2817,11,17,15,15,1,9,7
2818,3,13,11,2,1,4,7
2819,7,13,11,9,1,2,7
2820,7,12,11,3,1,2,7
2821,8,16,15,16,1,1,7
2822,8,15,15,18,1,6,7
1975,0,10,15,8,1,1,7
2823,3,11,9,3,1,1,7
2824,7,13,2,4,1,1,7
2816,6,16,4,11,1,6,7
2825,3,12,9,3,1,4,7
2826,0,15,9,0,1,4,7
2827,7,6,25,3,1,6,7
2827,3,10,25,3,1,6,7
2827,1,13,25,3,1,6,7
2827,4,13,25,3,1,6,7
2827,0,13,25,3,1,6,7
2828,2,18,93,13,1,3,7
2829,2,7,42,5,1,8,7
2830,3,15,9,2,1,4,7
2738,7,11,10,4,1,6,7
